id,name,dob,address,aadhar_number
0,Chanchal Prashad,1952-07-24,"73, Grewal Chowk, Jodhpur 311131",153270914
1,Samarth Verma,1970-09-25,"66/93, Joshi Chowk, Loni-553768",537616429
2,Mahika Narasimhan,1975-08-12,"H.No. 10, Balakrishnan Nagar, Ichalkaranji 684042",504169276
3,Aarnav Tiwari,1953-06-24,"H.No. 775, Chahal Chowk, Karimnagar-116787",917214049
4,Rehaan Biswas,1976-10-31,"26/51, Aurora Road, Madanapalle-571238",319634431
5,Imaran Goda,1982-05-20,"H.No. 02, Iyengar Street, Machilipatnam 424574",117049242
6,Jatin Wadhwa,1938-08-07,"91/723, Manda Zila, Yamunanagar-020362",671136664
7,Kamala Sagar,1986-07-16,"51/638, Panchal Path, Madanapalle-765625",591271129
8,Arjun Venkatesh,1962-10-13,"69, Bahl Circle, Rewa 490875",066924534
9,Amrita Ray,1939-02-08,"17/456, Jain Circle, Jodhpur-733345",019985744
10,Aachal Ramanathan,1957-01-16,"19/04, Grover Ganj, Nadiad 650219",284679225
11,Yahvi Barad,1947-08-14,"44/25, Mannan, Panchkula-400468",035923039
12,Gagan Bora,1986-04-08,"H.No. 51, Grewal Road, Begusarai 239706",581946600
13,Ikbal Raj,1989-02-11,"49/867, Sant Nagar, Hubli–Dharwad 894000",385751727
14,Krishna Choudhury,1950-12-04,"29, Ray Chowk, Navi Mumbai 125639",781103992
15,Jeremiah Toor,1976-08-11,"69/120, Pillay Road, Fatehpur 988622",117375745
16,Matthew Kar,1975-09-19,"H.No. 27, Chander Circle, Khammam-010980",638339905
17,Warinder Murty,1968-09-12,"H.No. 64, Sarraf Path, Bhalswa Jahangir Pur-388984",993748071
18,Wishi Bains,1952-11-24,"46/483, Ghosh Marg, Panchkula 684470",722431743
19,Yashawini Munshi,1959-01-25,"83/893, Golla Street, Katni-057453",834549262
20,Anirudh Suresh,1994-11-07,"H.No. 70, Singhal Nagar, Kanpur 217125",009806518
21,Neel Toor,1936-09-14,"441, Bhargava Marg, Bhind 885411",275227880
22,Anthony Nazareth,1987-08-10,"91, Patla Marg, Naihati-167620",473585994
23,Widisha Sem,1954-04-13,"19, Dhawan Marg, Pudukkottai-681503",200072832
24,Anvi Buch,1971-11-29,"H.No. 856, Sheth Road, Mango 591638",806370616
25,Aahana Kadakia,1953-02-23,"55/908, Boase Chowk, Kakinada 803536",812855998
26,Hritik Atwal,1943-01-29,"54/77, Pandey, Jamalpur 011192",317290195
27,Indira Dube,1960-08-11,"82, Kalita Path, Purnia 957533",156277704
28,Chatresh Cheema,2000-03-24,"563, Halder Street, Hospet-739956",959466545
29,Lila Chander,1964-11-10,"61, Borra Circle, Aligarh 236819",811907127
30,Tristan Bhakta,1974-08-19,"H.No. 698, Nagy Street, Nanded-333829",010902719
31,Chakradev Kannan,1958-07-26,"96/40, Warrior Road, Kharagpur-053690",462211014
32,Zinal Sharaf,1983-08-02,"334, Raja Chowk, Bhilai-230408",821023491
33,Devika Keer,1942-06-17,"78, Bali Street, Durgapur 410265",426495580
34,Tejas Samra,2006-06-03,"H.No. 52, Gulati, Sikar-679151",393329880
35,Rajata Johal,2001-05-16,"53/59, Sarin Street, Bhilwara 103900",430847919
36,Harsh Apte,1944-04-04,"03, Chad Circle, Ramagundam-770803",126625225
37,Gabriel Vyas,1971-12-28,"82/81, Kurian Zila, Sambalpur-605529",300352567
38,Ishaan Chand,1966-06-03,"285, Dasgupta Nagar, Junagadh-824569",154971494
39,Reyansh Palla,1979-03-14,"H.No. 039, Sabharwal Path, Mahbubnagar 556629",392063333
40,Manbir Grewal,1943-08-18,"14/852, Bhat Zila, Tumkur-995772",795915045
41,Zehaan Bhat,1944-08-06,"89/35, Saran Chowk, Mathura-074021",383075610
42,Mugdha Shanker,1970-02-27,"13/422, Rege Zila, Tiruchirappalli 025362",056917702
43,Ikshita Nagar,1943-06-01,"H.No. 32, Muni Chowk, Bhiwani 027799",976343769
44,Chatura Kothari,1998-11-09,"10/12, Bhavsar Marg, Hosur 030309",596430196
45,Gabriel Gola,1994-11-07,"39/268, Sridhar Ganj, Nagercoil 293175",137114799
46,Mitali Saxena,1950-02-13,"72, Desai Zila, Rajpur Sonarpur 845287",808453588
47,Ekantika Varma,1935-03-14,"H.No. 222, Mangat Road, Tenali 393755",918442243
48,Faras Solanki,1999-05-19,"H.No. 582, De, Loni-166863",593697196
49,Luke Sood,1964-08-29,"H.No. 35, Brar Chowk, Malegaon-991601",960803615
50,Forum Prakash,2002-07-14,"H.No. 765, Kapur, Fatehpur 434849",629258232
51,Anmol Nair,1987-11-03,"H.No. 863, Majumdar Chowk, Firozabad-480145",023948760
52,Chavvi Dutta,1959-06-25,"95/819, Panchal Circle, Madhyamgram-585898",844501286
53,Jeremiah Dugal,1954-01-25,"55/861, Bains Street, Jehanabad 101861",645201706
54,Keya Apte,1952-01-17,"42/411, Borde Street, Cuttack 800045",984329587
55,Unnati Bose,1954-06-25,"810, Nadig Path, Panvel 537517",191426426
56,Yug Butala,1966-09-09,"147, Wadhwa Marg, Bellary 933901",913485316
57,Raagini Minhas,1989-04-23,"H.No. 90, Bhagat Path, Baranagar-232552",213409210
58,Varsha Dua,1955-03-02,"H.No. 02, Ramanathan Circle, Bhilwara 908783",888377053
59,Nilima Ratta,2001-05-08,"H.No. 29, Dugar Ganj, Nellore-525458",760270029
60,Anirudh Oza,1991-08-10,"79/297, Anand Street, Mangalore 925046",701266400
61,Bina Kata,1973-08-22,"H.No. 24, Babu Chowk, Nellore 419878",483653904
62,Yagnesh Bala,1939-08-26,"H.No. 684, Dhaliwal Circle, Bijapur-646090",478445531
63,Tanish Jayaraman,1967-07-09,"536, Golla Zila, Tirunelveli 786629",875316216
64,Zilmil Sarma,1993-02-22,"34/04, Brar Marg, Solapur-378535",448378754
65,Chandresh Karnik,2000-07-25,"584, Chaudhary Marg, Rewa-852879",538835821
66,Karan Purohit,1986-06-06,"H.No. 41, Khosla Zila, Jamshedpur 026741",942338145
67,Suhani Bajaj,2004-05-03,"99/93, More Circle, Bhiwandi-627184",052727301
68,Tanvi Patla,1993-08-13,"79/893, Sachdev Nagar, Salem 428995",209423888
69,Aadi Purohit,1947-11-15,"47, Dubey Street, Thiruvananthapuram 165827",825413920
70,Lila Garde,1943-04-19,"437, Sidhu Marg, Howrah-283629",603024206
71,Amruta Mani,1934-12-29,"46, Kannan Street, Mathura-228395",309924982
72,Devika Khosla,1960-10-05,"H.No. 620, Hora Road, Mathura 311397",085731570
73,Imaran Bassi,1951-09-07,"H.No. 24, Bhargava Nagar, Pimpri-Chinchwad 651674",555348056
74,Samuel Raju,1945-01-23,"H.No. 501, Baria Road, Rampur-753634",929945068
75,Sara Shanker,1941-03-08,"50/75, Bhakta Chowk, Kirari Suleman Nagar-566479",732874052
76,Keya Bhalla,1984-10-06,"091, Palla, Dharmavaram-134423",351844099
77,Rehaan D’Alia,1985-05-21,"66/930, Pai Chowk, Howrah 674561",916789655
78,Nilima Behl,1958-12-24,"01, Saini Nagar, Sikar-709914",802387053
79,Vrinda Ray,1985-08-13,"042, Choudhry Path, Ramgarh-044368",952758726
80,Vasatika Bhavsar,2000-08-17,"H.No. 317, Bassi Path, Bokaro-626301",701420537
81,Ojasvi Shan,1935-09-27,"44/47, Nori Zila, Bilaspur-862192",324327115
82,Qushi Saini,1995-07-13,"95/08, Bose Circle, Mathura-386315",354629271
83,Timothy Borra,1997-04-23,"H.No. 065, Aggarwal Ganj, Thrissur-263746",431398490
84,Karan Sampath,1942-09-21,"H.No. 559, Seth Nagar, Dindigul-124222",821647248
85,Yashvi Mahajan,1946-07-27,"18, Gill Road, Madanapalle 278353",757920140
86,Lohit Nazareth,1965-10-01,"64, Bali Ganj, Barasat 506781",461277294
87,Mohini Halder,1997-02-22,"41, Chakraborty Marg, Amroha-394465",380593049
88,Zaitra Upadhyay,1965-11-17,"87, Varughese Nagar, Ahmednagar 579093",693164763
89,Yash Mane,1958-11-08,"H.No. 036, Bassi Path, Katni 253658",343969021
90,Patrick Ravel,2001-07-10,"H.No. 90, Mani, Erode-933275",553730812
91,Nathaniel Batra,1994-09-06,"220, Pant Chowk, Kota 362598",273624682
92,Oeshi Dhingra,1987-01-21,"43/262, Iyengar Path, Satna-414532",436063987
93,Victor Aggarwal,1988-03-23,"99/065, Gill Marg, Tiruvottiyur 422876",989614475
94,Henry Sethi,1987-07-24,"H.No. 213, Rao, Ozhukarai 954702",828392647
95,Bhavini Oommen,1966-04-03,"H.No. 510, Brar, Kochi-066800",006184653
96,Veda Shere,1972-11-22,"H.No. 645, Agarwal Path, Tadipatri-765025",214989466
97,Neha Kunda,1964-07-12,"79/55, Goel Zila, Medininagar 915785",329513895
98,Aarush Baral,1957-06-09,"H.No. 274, Walla Zila, Nagaon 557173",647495316
99,Vincent Saini,1941-12-23,"444, Dada, Ballia 217994",456550172
100,Nimrat Johal,1936-07-27,"H.No. 64, Mall Marg, Sirsa-815992",639113845
101,Manthan Chakraborty,1953-11-14,"36, Sawhney Circle, Katihar 513883",227449715
102,Nimrat Sethi,1998-01-09,"35/22, Agrawal Street, Amravati-994746",098858365
103,Viraj Dara,1993-04-17,"H.No. 025, Murthy, Kota 578823",642291096
104,Qasim Mitter,1995-02-19,"88/390, Ghosh Street, Aligarh-401119",524659195
105,Devika Ramanathan,1995-11-15,"55, Sekhon Circle, Kulti-325201",094833750
106,Yochana Kibe,1976-05-01,"H.No. 025, Dara Nagar, Raichur-144368",331879814
107,Gaurang Dash,1952-03-26,"78/24, Agarwal Nagar, Chandrapur 815710",257152539
108,Sneha Jha,1986-03-18,"235, Biswas Street, Navi Mumbai-614688",558332216
109,Lila Sarkar,1999-12-07,"024, D’Alia Street, Phusro-332374",027878481
110,Riya Rau,1935-08-15,"31/970, Kari Nagar, Kishanganj 123470",243549249
111,Faras Chana,1942-03-25,"92/488, Sampath Zila, Rajahmundry 073949",479009830
112,Yahvi Balay,1944-10-19,"66/28, Bhalla Street, Ranchi 651003",875030581
113,Faris Kapoor,1984-10-04,"520, Raju Chowk, Bhagalpur 528821",185132179
114,Ronith Khare,1945-02-11,"735, Vala Chowk, Miryalaguda-327788",533170377
115,Bachittar Contractor,1999-08-27,"55/59, Kamdar Circle, Sikar-430033",890895892
116,Suhani Srinivasan,1999-05-05,"H.No. 657, Comar Chowk, Berhampore 331359",107460523
117,Mekhala Som,1960-02-14,"84/762, Panchal Path, Sonipat-028528",958682728
118,Omisha Ghose,1950-02-26,"47, Ramesh Road, Panchkula 907624",069342619
119,Om Vig,1972-03-28,"H.No. 99, Bhargava Ganj, Meerut 311295",107994102
120,Agastya Misra,2004-08-26,"38, Golla Road, Jorhat 970752",353766101
121,Ekta Parmar,1977-10-16,"18/45, Kala Nagar, Sonipat-078860",223736236
122,Siya Deol,2001-04-07,"H.No. 87, Chandran, Berhampur 524753",452470612
123,Yashodhara Comar,1966-11-19,"31/47, Warrior Nagar, Kulti-031258",118128250
124,Vrishti Kala,1978-02-05,"H.No. 94, Dyal Chowk, Noida-768658",911398453
125,Sathvik Bora,1967-10-29,"069, Hegde Zila, Nagaon 582140",366157966
126,Charita Peri,1963-07-10,"H.No. 58, Nadkarni Zila, Bhilai-042808",285080505
127,Yochana Sen,1939-08-04,"06/936, Yohannan Road, Surat 101246",666114288
128,Bimala Bhargava,1984-07-24,"H.No. 72, Anand Chowk, Karaikudi 746279",740553175
129,Amrita Dixit,1961-06-26,"655, Soman Circle, Danapur 018295",945513897
130,Udyati Narasimhan,1993-04-08,"056, Wali Street, Allahabad-964863",927244958
131,Pahal Raman,1976-11-22,"H.No. 167, Randhawa Street, Nashik 528969",661141851
132,Aadhya Desai,1977-04-15,"539, Khanna Road, Karnal 215870",745069382
133,Samarth Khanna,1956-02-20,"08/105, Mander Path, Berhampore 947626",897931987
134,Yashica Padmanabhan,1938-05-24,"47/16, Chana Road, Allahabad 484466",594836749
135,Gautam Kanda,1987-01-19,"470, Grewal Marg, Erode-358069",108889507
136,Frederick Dora,1979-06-24,"15/108, Khatri Road, Hosur 812736",250867770
137,Hiral Atwal,2003-04-07,"H.No. 475, Sandal Path, Meerut 873094",636291797
138,Advay Prakash,1985-08-25,"398, Bahl Marg, Coimbatore-731069",256248542
139,Januja Gupta,1943-06-23,"26/577, Aurora Road, Gandhidham 510224",495187382
140,Harinakshi Srinivas,1994-04-16,"92/596, Divan Path, Howrah-650675",575869772
141,Januja Mannan,1937-07-27,"14/416, Kaul Zila, Pudukkottai 256834",412841968
142,Aayush Shan,1954-04-22,"H.No. 89, Gara Ganj, Shivpuri 249981",469163598
143,Maanav Kala,1961-01-17,"H.No. 06, Chowdhury Path, Bihar Sharif 801023",147298319
144,Indrajit Bose,1934-11-15,"H.No. 864, Mitra Nagar, Bhavnagar-243714",325164582
145,Bimala Maharaj,1959-06-01,"12/743, Wadhwa Ganj, Shimoga 465887",075776438
146,Ishaan Gokhale,1979-01-17,"H.No. 48, Nori Circle, Bhilai 466642",139731648
147,Ekavir Bumb,1935-06-07,"730, Gera Circle, Solapur 115261",609935498
148,Zaitra Narain,1950-09-11,"H.No. 27, Cheema Road, Fatehpur 598390",218040898
149,Chasmum De,1943-07-15,"93/52, Ahluwalia Circle, Agra 571492",142402394
150,Christopher Dixit,2003-06-09,"H.No. 560, Sarin Nagar, Burhanpur-113700",367024059
151,Chatresh Sood,1976-04-06,"H.No. 173, Dasgupta Street, Saharanpur-870884",571239170
152,Abhimanyu Nadig,1957-01-09,"45/630, Raghavan, Firozabad-037461",019060947
153,Ayush Das,1973-11-25,"11/00, Mandal Zila, Delhi 808445",188293223
154,Brinda Sharaf,2004-09-16,"H.No. 535, Khurana, Buxar 601821",206924610
155,Nilima Venkataraman,1946-07-30,"47/536, Bali Street, Anand 472007",812875580
156,Janaki Nayar,1951-06-18,"H.No. 78, Pant Zila, Parbhani 295741",453498833
157,Oliver Patla,1990-01-10,"36/558, Varkey Circle, Dindigul-149724",984327846
158,Pahal Rout,1951-12-05,"195, Koshy Chowk, Barasat-541508",070635538
159,Frederick Thaman,1942-12-24,"H.No. 45, Swaminathan Marg, Raebareli 629524",777288290
160,Vidhi Chahal,1989-10-18,"89, Gara Nagar, Thoothukudi-105259",648532814
161,Urmi Date,1937-01-04,"50, Radhakrishnan Marg, Indore-482133",751793766
162,Jatin Shenoy,1993-10-08,"29/22, Kamdar Road, Aligarh 579616",350149055
163,Vyanjana Jha,1953-09-22,"77, Karnik Road, Jehanabad-644876",504720105
164,Wriddhish Mammen,1960-11-10,"H.No. 95, Pal Street, Shimoga-259957",976956760
165,Umang Menon,1948-12-31,"H.No. 905, Merchant Path, Anand 554627",382288301
166,Qadim Ramachandran,1959-01-19,"H.No. 168, Mangal Street, Vadodara 957871",403812120
167,Prisha Bora,1960-11-06,"65/74, Dani Marg, Nandyal-480377",241954050
168,Vihaan Nath,1963-03-28,"16/94, Batta Road, Gorakhpur 073068",787291618
169,Anya Uppal,1934-09-27,"376, Ganesh Nagar, Panihati 992615",488334721
170,Madhav Krishnan,1959-11-07,"51/74, Bera Ganj, Suryapet 020212",426079252
171,Vamakshi Sampath,1953-05-17,"54/904, Mohanty Circle, Tiruvottiyur 990789",195100282
172,Wridesh Raman,1996-02-22,"H.No. 72, Doshi Zila, Adoni-488662",851767773
173,Timothy Puri,1963-02-10,"97/091, Saha Marg, Saharsa 446852",213358211
174,Banjeet Krishna,2000-03-30,"68/44, Bhatti Zila, Bihar Sharif 605026",477307242
175,Bhavna Mannan,1962-05-09,"H.No. 95, Banerjee Chowk, Salem 291151",648546832
176,Kashish Nadig,1950-01-27,"04/641, Ramaswamy Chowk, Vijayanagaram-302866",356865895
177,Prisha Anand,1951-01-19,"90/71, Saran Circle, Saharsa-135275",985321366
178,Dev Bava,2001-03-13,"70/96, Gopal Path, Sirsa 681519",219515655
179,Banjeet Dasgupta,1944-03-30,"80/118, Sodhi Ganj, Vijayanagaram-327239",568903449
180,Shivani Karan,1952-01-14,"H.No. 830, Bala Nagar, Erode-709591",190487052
181,Imaran Hans,1994-04-07,"175, Pall Circle, Kishanganj 401005",657797773
182,Tanay Shukla,1936-10-07,"H.No. 992, Bhandari Path, Thoothukudi-951431",196320061
183,Zarna Ramachandran,1999-06-25,"H.No. 54, Deol Nagar, Kadapa-616402",728722116
184,Varenya Baria,1941-05-04,"11, Naidu Nagar, Asansol-776011",873084669
185,Yachana Prabhakar,1972-02-20,"875, Goswami Path, Surat-231492",271220425
186,George Tank,1984-09-09,"407, Khanna Circle, Raichur-870625",809578054
187,Ansh Acharya,1945-09-07,"H.No. 30, Shroff Nagar, Vasai-Virar 639084",827207142
188,Falguni Dugar,1970-09-28,"05/127, Mittal Zila, Bulandshahr-633306",784706892
189,Yauvani Krishna,1959-06-26,"18, Saha Marg, Belgaum-778853",433668529
190,Gagan Goyal,1972-09-10,"56/41, Andra Street, Madurai-889953",555273566
191,Raksha Kakar,1975-05-18,"15/134, Ratti Road, Saharsa-446122",760131677
192,Theodore Virk,1998-12-09,"36/46, Bhakta Ganj, Panihati-244115",685755158
193,Farhan Banerjee,1987-07-27,"331, Batta Chowk, Dewas 361719",145975184
194,Gaurav Comar,1999-02-25,"09/300, Subramanian Circle, Siwan 118605",930259141
195,Chakrika Shukla,1992-12-24,"87/33, Magar Road, Chinsurah-801953",077198494
196,Hitesh Yadav,1985-07-16,"427, Karan Road, Malegaon 296089",012654333
197,Vivaan Golla,2000-06-03,"22/28, Bhakta Street, Adoni-705131",889802157
198,Praneel Shankar,1941-03-27,"447, Sarna Marg, Gulbarga-395431",529564603
199,Zinal Mahajan,1936-10-11,"02/414, Garg Path, Kishanganj-826431",674797653
200,Januja Balasubramanian,1986-08-04,"905, Jani Nagar, Giridih-920293",887966724
201,Ekani Balan,1980-07-31,"46, Mammen, Yamunanagar 871055",691326860
202,Mahika Lanka,1999-04-26,"57/816, Bhargava, Visakhapatnam 183312",481248776
203,George Ravel,1986-09-15,"H.No. 167, Chopra Chowk, Giridih-881553",047688260
204,Samesh Saran,1956-04-27,"H.No. 050, Sule Circle, Bhimavaram 229413",885771981
205,Aadi Iyer,2002-03-11,"H.No. 489, Padmanabhan Ganj, Panvel 068545",656439437
206,Logan Chhabra,1972-05-22,"H.No. 39, Batra Nagar, Raurkela Industrial Township 220963",584781845
207,Wishi Minhas,1996-08-06,"12, Kala, Sambalpur 276155",958796658
208,Wazir Kala,1988-05-27,"03/96, Bhasin Road, Bhatpara 915323",042656701
209,Falan Suresh,1969-08-14,"964, Minhas Road, Shimla 532807",677598085
210,Ucchal Chakraborty,1950-11-09,"437, Sarma, Jalandhar 872838",724737807
211,Siddharth Narain,1964-11-19,"94/404, Agate Circle, Gaya 311148",843266959
212,Ridhi Ratti,1983-02-03,"H.No. 192, Bhalla Ganj, Bihar Sharif 414455",597689411
213,Vrishti Rajagopalan,1936-03-15,"39/61, Vora Nagar, Phusro-474048",912592858
214,Anay Rattan,2007-07-29,"75/683, Mital Zila, Tumkur 482725",605959861
215,Mekhala Aurora,1975-07-01,"H.No. 132, Batra Ganj, Parbhani-178710",707471413
216,Zaitra Nayar,1999-10-25,"61, Natt Chowk, North Dumdum 274770",320940009
217,Vaishnavi Gandhi,1986-01-24,"93, Tiwari Street, Hyderabad 016104",146014274
218,Damini Virk,1992-10-10,"63/84, Wagle Circle, Kharagpur 487855",034309566
219,Bhavna Dhar,1970-05-19,"H.No. 37, Pant Chowk, Siwan 119692",100663847
220,Triveni Mital,1957-03-12,"H.No. 657, Sur Circle, Sagar-887753",987188486
221,Ryan Sharaf,1965-10-19,"H.No. 11, Mangal Path, Tadipatri 878606",182229247
222,Vritti Jain,1959-02-15,"H.No. 63, Dash Ganj, Kadapa-388224",291673473
223,Tamanna Bobal,1970-08-04,"966, Rai Road, Rajpur Sonarpur-899165",520595726
224,Qarin Swaminathan,2003-06-16,"H.No. 128, Gandhi Chowk, Bulandshahr-418267",672616870
225,Naveen Borra,1986-04-27,"75/100, Krish Chowk, Ranchi-889047",957500450
226,Kashish Pall,1947-04-08,"668, Wali Street, Vasai-Virar-733996",078291653
227,Frado Lal,1936-11-13,"H.No. 777, Raghavan Road, Tadipatri-482442",921702085
228,Wahab Magar,1985-09-03,"64, Keer Circle, Parbhani-990613",692209967
229,Christopher Bava,1981-06-22,"88/43, Warrior Ganj, Nanded 349115",321083895
230,Bhavya Karnik,1970-10-16,"819, Mahajan Nagar, Hospet-997862",107082510
231,Timothy Agate,1990-12-24,"525, Chawla Road, Bihar Sharif 950877",087918754
232,Vedhika Sidhu,1996-07-05,"H.No. 89, Shan Circle, Motihari-143650",194007649
233,Dalbir Koshy,1979-03-04,"H.No. 99, Raj Nagar, Nellore 912209",196767896
234,Tanmayi Iyer,1938-10-25,"84/71, Dua Circle, Muzaffarnagar 696681",754754150
235,Siddharth Talwar,1934-09-13,"49/72, Varghese Road, Patna-843535",476965100
236,Brijesh Mitra,1960-01-16,"563, Nagarajan Road, Coimbatore 845144",223280634
237,Yutika Lata,1958-09-28,"H.No. 73, Patel, Mysore 779572",151009876
238,Bakhshi Warrior,1996-09-02,"75/99, Sagar Ganj, Etawah 047486",842212081
239,Janya Bhagat,1972-03-19,"10, Devan Zila, Ongole 500052",366610447
240,Chaman Som,1978-09-08,"09, Karnik Zila, Siwan-900672",782089817
241,Hemangini Tata,1952-09-05,"653, Kumer Nagar, Rohtak-174503",309185532
242,Abhimanyu Sidhu,1986-04-01,"H.No. 07, Sagar, Hajipur 529833",974987236
243,Divya Magar,1991-10-07,"61, Dutt Chowk, Jodhpur 010154",818813654
244,Mekhala Nanda,1942-11-14,"536, Boase Zila, Gangtok 937676",631584843
245,Chaitanya Kaur,1958-04-08,"H.No. 86, Bala Chowk, Hyderabad-129355",722181697
246,Nidhi Taneja,1970-08-25,"H.No. 356, Sagar Circle, Thoothukudi 137362",723649564
247,Qarin Choudhary,1967-04-30,"30/13, Murty Nagar, Bidar 175300",959428716
248,Hemal Swaminathan,2006-03-25,"83/862, Borde Path, Amaravati 844085",251304904
249,Januja Chaudry,1960-03-19,"64/76, Gala Zila, Kharagpur 260407",555897881
250,Omya Bhatia,1954-08-12,"04/213, Bhatnagar Nagar, Hajipur 427300",089527007
251,Dayita Mital,1936-03-16,"04, Chokshi Marg, Amaravati-832727",721842212
252,Harinakshi Chandra,1937-08-12,"85/823, Sarma Road, Bilaspur 986899",987006337
253,Om Kala,1978-06-12,"43/897, Koshy, Kavali 116639",422266769
254,Damyanti Kaul,2004-06-13,"H.No. 952, Mangat Ganj, Vijayawada-200240",534890902
255,Warjas Jhaveri,1946-01-25,"53, Pant Path, Faridabad 665240",667613375
256,Waida Sodhi,1967-04-01,"45, Kohli Ganj, Satara-201772",791630391
257,Aadi Dada,1954-05-24,"277, Buch Circle, Madanapalle 503524",626654527
258,Yatin Kashyap,1947-01-06,"H.No. 751, Pathak Ganj, Buxar-850348",612355892
259,Manthan Sharma,1968-03-22,"464, Oza Chowk, Parbhani 346955",528789502
260,Yatan Arya,1952-03-24,"29, Palla Zila, Fatehpur 865576",120684135
261,Panini Kara,1967-05-14,"26, Sama Nagar, Pali 157732",713402919
262,Manya Aggarwal,1962-02-04,"81/581, Sant Nagar, Patna-083901",865191554
263,Aarna Gopal,1991-05-14,"16, Johal Circle, Gulbarga 851906",964556943
264,Megha Halder,1971-03-03,"220, Das Zila, Vasai-Virar-215786",796782017
265,Azad Seth,1988-02-25,"H.No. 70, Gupta Ganj, Giridih-668853",620025069
266,Madhavi Walla,1963-12-24,"H.No. 42, Grover Nagar, Motihari-328307",730822514
267,Akshay Mukherjee,1984-12-14,"H.No. 56, Wagle Marg, Yamunanagar-905945",044813293
268,Eiravati Pandey,1993-01-19,"99/861, Soman Circle, Agartala-576982",222148370
269,Wishi Mital,1991-01-18,"74/94, Goda, Tumkur-210787",246549186
270,Umang Date,1986-09-30,"24/80, Kohli Ganj, Gulbarga 167225",182621246
271,Veer Chaudhry,1971-12-31,"43, Bandi Ganj, Sangli-Miraj & Kupwad-343645",356847223
272,Falan Subramaniam,1940-03-26,"97/154, Acharya Zila, Malda-913528",394416699
273,Simon Kota,1955-03-07,"80/23, Mann Marg, Kishanganj-673686",727365682
274,George Sangha,1994-04-08,"H.No. 701, Dasgupta Chowk, Sikar-502551",230139755
275,Ladli Ramanathan,1940-02-07,"01/49, Pau Path, Bongaigaon 305883",986653118
276,Hema Brahmbhatt,1997-08-24,"H.No. 86, Pillay Street, Silchar-553072",484561491
277,Kalpit Dada,1969-01-15,"H.No. 67, Mittal Path, Raebareli-353743",602670580
278,Nathan Bali,1996-10-26,"08/61, Doctor Marg, Begusarai-294514",483790148
279,Parth Pal,1972-12-04,"H.No. 59, Narayanan Ganj, Kadapa 167536",996530641
280,Ishanvi Kalla,1979-01-13,"H.No. 82, Apte Street, Vijayanagaram-821565",254783698
281,Umang Gour,1992-04-15,"378, Rau Road, Nadiad-541522",970080119
282,Atharv Mukhopadhyay,1982-06-20,"228, Dutta Ganj, Gudivada-943309",978379216
283,Yashvi Virk,1962-12-14,"H.No. 449, Deep Nagar, Rajpur Sonarpur-442121",808323024
284,Zaid Chandran,1942-07-09,"03/16, Loke Path, Mango 545051",695661849
285,Amol Sidhu,1983-11-26,"50, Natt Path, Srikakulam-317296",928115288
286,Abeer Varkey,1974-04-15,"H.No. 22, Mammen Ganj, Hyderabad 067589",568365429
287,Gautami Brar,1971-08-02,"08/227, Bhatia Marg, Chandrapur 483212",980292556
288,Janani Shah,1980-12-16,"756, Garde Road, Akola-659823",713154022
289,Mekhala Prashad,1961-04-20,"25/35, Goda Circle, Katni-491280",984639308
290,Peter Gera,1947-01-03,"838, Wason Street, Kottayam 616465",305705169
291,Zashil Gara,1998-08-16,"10/64, Boase Nagar, Ratlam 199669",956191886
292,Hamsini Sura,1966-12-17,"H.No. 21, Ramakrishnan Street, Panipat-173139",480719409
293,Mohini Menon,1976-10-24,"H.No. 683, Nayar Marg, Kavali-623265",218578653
294,Harini Borde,2002-03-16,"851, Rastogi Nagar, Sasaram-824610",645434485
295,Faqid Mitter,1980-09-15,"H.No. 074, Raman Circle, Udupi-069136",394355270
296,Tripti Murty,1956-02-25,"197, Narula, Danapur-654527",586726538
297,Elijah Saraf,1943-07-25,"89/190, Prasad Path, Bhopal 382833",596982800
298,Nisha Patil,1944-12-06,"H.No. 418, Nigam, Jalna-775170",293720657
299,Ranbir Rege,1936-03-14,"38, Mane Marg, Sonipat-699494",862908148
300,Sarthak Kalla,1941-03-23,"H.No. 777, Ganesan Circle, Solapur 730312",832526551
301,Yashvi Grover,1996-02-08,"80, Sawhney Zila, Singrauli-249149",033939677
302,Daksh Cheema,1971-01-16,"33/15, Saini Street, Hapur 612151",085134947
303,Daniel Sangha,1986-06-10,"H.No. 71, Loke Path, Jamshedpur 920262",286109987
304,Vaishnavi Thakur,1975-07-21,"810, Saha Chowk, Tirunelveli-294190",185030027
305,Abeer Dar,1965-01-06,"491, Choudhary Circle, Siliguri 795616",695310990
306,Kritika Morar,1989-07-15,"00, Rai Nagar, Morena-758806",490752140
307,Vihaan Murty,1954-05-09,"36, Keer Path, Mau 974579",132919251
308,Zehaan Sandal,1958-03-10,"H.No. 086, Narasimhan Zila, Baranagar-963420",263125432
309,Ekanta Palla,1944-06-08,"H.No. 484, Kara Road, Alappuzha-500164",852314312
310,Daksh Pandya,1958-10-26,"H.No. 692, Mallick Marg, Bidhannagar-998726",699986943
311,Indrajit Goda,1977-06-27,"845, Ratta Nagar, Morena-006134",861791070
312,Naksh Dhaliwal,1970-03-04,"770, Panchal Marg, Ambattur 784701",713919200
313,Ekanta Tiwari,1969-05-16,"H.No. 499, Ahuja Nagar, Hindupur 203885",453200540
314,Girik Sant,2000-04-02,"99/098, Sekhon Nagar, Hajipur 566250",234349763
315,Chasmum Sahota,1996-01-29,"H.No. 55, Sankar Street, Jaunpur-908918",014421485
316,Zehaan Palla,1998-08-02,"H.No. 26, Devan Path, Ozhukarai 832150",716559481
317,Akshay Desai,1938-08-07,"32/368, Devan Nagar, Panipat 565536",112816675
318,Keya Mody,1998-09-20,"20, Bhandari Chowk, Jalandhar 141007",245441948
319,Oeshi Khatri,1944-08-16,"38, Baria, Jalna-703641",084479791
320,Ubika Walia,1995-11-16,"73/82, Sengupta Zila, Rampur-121626",073990429
321,Anay Jain,1949-07-02,"H.No. 878, Bhagat Zila, Ichalkaranji-340218",949568804
322,Damyanti Choudhury,1969-03-20,"H.No. 163, Trivedi Ganj, Ramgarh-330121",614643975
323,Ayaan Kalita,1950-11-02,"57/22, Sarma Circle, Dhanbad-604006",259969402
324,Watika Banik,1952-11-26,"H.No. 457, Chowdhury Nagar, Avadi 159394",193777936
325,Kamya Morar,1994-01-05,"089, Kapoor Circle, Guwahati-663314",293617023
326,Wyatt Balay,1978-01-20,"H.No. 87, Taneja, Etawah 673722",616467209
327,Vidhi Nagi,1947-06-11,"H.No. 66, Thakur, Orai 529943",787082260
328,Lohit Agarwal,1948-06-28,"731, Mutti Road, Bidhannagar 293424",754307402
329,Vihaan Sibal,1963-08-19,"898, Sachdeva Circle, Solapur 119525",696738499
330,Anmol Keer,1967-11-16,"71/827, Buch Nagar, Rajpur Sonarpur-038772",000128995
331,Mohammed Kaur,1995-06-20,"44/58, Wadhwa Chowk, Ludhiana-398554",443421794
332,Hamsini Arora,1943-04-23,"81, Chaudhary Nagar, Sambalpur 918880",158265807
333,Abhimanyu Samra,1943-08-26,"069, Modi Circle, Bijapur-326675",409374366
334,Ishwar Lanka,1976-06-17,"64/654, Zacharia Street, Motihari-400931",376463539
335,Leela Goda,1987-03-24,"363, Mander Road, Thoothukudi 072574",764876997
336,Eshana Date,1994-04-01,"80/530, Kamdar Chowk, Jamalpur-675942",731142970
337,Onveer Dhar,1966-11-14,"71/596, Sachdeva Marg, Guntur-787184",168340178
338,Vivaan Sha,1983-01-26,"573, Chatterjee Circle, Bhubaneswar 461891",740676981
339,Lajita Narasimhan,1942-09-17,"52/40, Merchant Circle, Muzaffarpur-733653",533708065
340,Neha Chakraborty,1986-08-27,"H.No. 276, Mammen Path, Asansol-445514",288427975
341,Anvi Boase,2004-02-15,"H.No. 556, Shanker Ganj, Satna 173030",836005538
342,Rayaan Gopal,1956-12-19,"H.No. 57, Minhas Street, Pudukkottai 174694",193354965
343,Nakul Nigam,1947-10-30,"49/25, Minhas Nagar, Jabalpur-899864",300278934
344,Falguni Ahuja,1963-02-15,"H.No. 833, Nayak, Chandrapur 075465",565179289
345,Yachana Guha,1971-08-30,"42/37, Boase Path, Sambhal 220317",439163979
346,Ladli Pai,1993-09-15,"66/73, Pillay Zila, Bilaspur 388779",712442103
347,Charan Bhatnagar,1980-04-02,"H.No. 61, Murthy Chowk, Mathura 746302",148786114
348,Sara Nagar,1989-07-17,"327, Kapur Ganj, Farrukhabad 174887",495860244
349,Lipika Varty,2006-04-29,"252, Choudhury Marg, Bidhannagar-835915",846186322
350,Vrishti Walla,1945-02-13,"H.No. 409, Dara Marg, Deoghar 690699",866832447
351,Samarth Randhawa,1962-12-29,"877, Nadkarni Chowk, Dewas-020396",717009550
352,Rayaan Ramesh,1968-03-03,"38/334, Apte Zila, Thiruvananthapuram-511714",511781984
353,Isaac Chowdhury,1985-07-31,"H.No. 881, Tank Nagar, Panihati-256470",541282741
354,Qadim Sha,1992-09-28,"73/844, Savant Marg, Guwahati 040906",349831853
355,Ikbal Ravi,1944-02-21,"37/069, Kar Street, Tenali 976120",872562381
356,Warjas Ganesh,1969-10-14,"91/59, Anand, Shimla 492190",267505364
357,Triya Keer,1976-03-10,"78, Bobal Ganj, Amravati 844618",730857358
358,Damyanti Chaudhari,2007-04-29,"H.No. 896, Oommen Zila, Machilipatnam 199191",806606294
359,Krisha Bansal,1970-05-02,"58/29, Kapoor Chowk, Eluru 352930",910662165
360,Oeshi Chadha,1957-12-11,"647, Deo Path, Ballia 593219",598722394
361,Oni Chaudhuri,1944-03-08,"53, Varty Circle, Guntakal 422519",297791772
362,Girish Buch,1999-09-05,"153, Shenoy Road, Satara 494103",913040771
363,Aahana Kamdar,1936-09-23,"H.No. 83, Zachariah Ganj, Bhind 549194",244099930
364,Amruta Gaba,1995-12-27,"25, Mukherjee Road, Ramagundam 808170",199377974
365,Bhavna Ramakrishnan,1986-10-04,"H.No. 170, Mody Ganj, Nagpur-667584",415642483
366,Ekta Setty,1942-03-21,"67, Loke Nagar, Imphal 347232",058717313
367,Isaiah Batra,1948-02-14,"05/30, Subramanian Marg, Bettiah-733144",205411566
368,Charita Sarraf,1996-02-08,"H.No. 80, Sharaf Circle, Panipat 980100",223504559
369,Ishanvi Parmer,1986-06-07,"H.No. 173, Menon, Pondicherry-887402",382593056
370,Irya Batta,2004-01-01,"90, Koshy Circle, Visakhapatnam-147773",735444788
371,Pallavi Kapoor,1962-05-01,"H.No. 074, Madan Nagar, Morbi-276356",552125920
372,Gavin Nayak,1975-09-14,"H.No. 232, Jayaraman Marg, Aurangabad-193495",778498519
373,Aditya Ghose,1947-05-17,"433, Sachdeva Road, Kakinada-921549",432940290
374,Rachita Dhingra,1995-01-03,"832, Prasad Nagar, Gwalior 375824",215376889
375,Fitan Radhakrishnan,1955-01-04,"73/13, Chokshi Path, Anantapur 408700",939499824
376,Tanmayi Magar,1981-04-06,"02, Lad, Pali-622601",898323297
377,Hemangini Salvi,1948-12-06,"070, Dada Nagar, Kottayam-357019",522513364
378,Oeshi Bassi,1977-05-20,"82/65, Dara Ganj, Anantapur 976161",664162845
379,Unni Baral,1959-02-21,"63/27, Krish Road, Ballia 760781",263817137
380,Qadim Sane,1979-12-05,"84/569, Agarwal Circle, Jammu 040958",971023376
381,Onkar Prashad,1969-01-24,"H.No. 673, Dhawan Zila, Bijapur-989466",478557919
382,Ishaan Rege,1949-08-11,"H.No. 996, Khare Street, Tumkur-750816",024634525
383,Unnati Sastry,1966-01-01,"H.No. 501, Warrior Chowk, Ranchi-238503",748299483
384,Girish Khalsa,1997-06-10,"H.No. 875, Choudhry, Hubli–Dharwad 967340",818411524
385,Aarush Brar,1956-11-12,"H.No. 29, Rai, Satna 188978",137118949
386,Lohit Mann,1946-11-17,"299, Hari Circle, Guntakal-623263",061581603
387,Ishwar Mani,1944-06-15,"138, Munshi Path, Uluberia 383197",219535309
388,Mekhala Dhar,1982-09-12,"06, Prakash, Kulti 701219",169447198
389,Balveer Kapadia,1949-08-02,"H.No. 943, Bandi, Bhiwani-712802",424436412
390,Tarak Subramaniam,1951-07-14,"06, Dhaliwal Path, Coimbatore 224374",083641398
391,Ekansh Kale,2000-04-05,"54/13, Dutta Zila, Panchkula-025722",077009233
392,Tanvi Raval,1949-10-24,"958, Kapur Nagar, Allahabad 273207",478825628
393,Tejas Batra,1972-09-07,"53/863, Khosla Circle, Tiruppur-836828",634252086
394,Lakshit Viswanathan,1979-02-27,"H.No. 324, Arya, Srinagar 006835",597540229
395,Naveen Char,1939-12-08,"H.No. 13, D’Alia, Secunderabad 639625",886828497
396,Forum Uppal,1967-05-28,"H.No. 95, Bhat Marg, Bhalswa Jahangir Pur 530775",534465736
397,Matthew Nayak,1950-03-03,"H.No. 377, Karnik Chowk, Korba-007516",892728796
398,Mekhala Savant,1986-11-24,"H.No. 96, Garg Circle, Buxar 611983",984006879
399,Ikbal Arora,1995-04-08,"046, Tiwari Nagar, Imphal-277232",812368022
400,Yashodhara Nadig,1962-07-08,"074, Murthy Zila, Kirari Suleman Nagar 351889",892259054
401,Yashodhara Ratta,2000-05-01,"88/35, Jha Circle, Aurangabad 316022",324845183
402,Zashil Thakkar,1981-09-26,"73, Kashyap, Nangloi Jat-597621",182860781
403,Isaiah Chowdhury,1940-01-30,"28/40, Varty, Amaravati 963862",153887025
404,Nikita Bansal,1935-05-14,"13/108, Narula Chowk, Katni-605820",759983146
405,Darpan Shere,1948-09-02,"48/71, Nath Street, Mango 743252",597952296
406,Jasmit Sarin,1935-10-19,"45, Pillai Nagar, Shimoga 831704",706606240
407,Gautam Nath,1966-04-05,"94, Biswas, Srikakulam-508311",941016770
408,Yahvi Balakrishnan,1994-10-04,"H.No. 45, Kunda Path, Hosur-954332",794043003
409,Andrew Pal,1977-10-03,"H.No. 354, Yohannan, Salem 528505",588212236
410,Avni Sankar,1963-02-05,"130, Patla Chowk, Madanapalle-711824",371452726
411,Jhalak Seshadri,1986-08-23,"H.No. 18, Batta Road, Durg-818625",687737454
412,Fiyaz Dewan,1941-10-17,"69, Chhabra Marg, Jamshedpur 139177",592870960
413,Barkha Dar,1960-04-16,"25/725, Jha Chowk, Chapra-613366",509189055
414,Gopal Gour,1957-01-24,"87/15, Vala Ganj, Davanagere-904820",093946732
415,Dayamai Virk,1988-06-27,"819, Sarin, Mira-Bhayandar-195022",286655842
416,Banjeet Khalsa,1992-11-08,"767, Ghosh Ganj, Thanjavur-763168",801897941
417,Hiral Dhar,1989-08-05,"14/138, Virk Chowk, Uluberia-508478",931221856
418,Ikshita Garg,1945-10-24,"36/89, Choudhary Zila, Udaipur 905960",164016455
419,Ojas Kurian,2004-08-12,"H.No. 499, Lata Road, Miryalaguda-746631",081685090
420,Sarthak Khare,1998-08-15,"32/16, Raghavan Road, Korba-036521",175651245
421,Anirudh Nadig,1990-09-26,"289, Dhar Circle, Amroha-230806",312569086
422,Kamya Pal,1961-04-11,"15/66, Jayaraman Circle, Satna 610280",782761153
423,Anvi Hora,1976-03-11,"21/86, Mital Street, Bhatpara-398415",156224782
424,Ucchal Sule,1967-11-02,"18, Baral Marg, Karawal Nagar 470141",444884992
425,Shivani Dayal,2007-06-26,"H.No. 119, Toor Road, Akola-544361",305832825
426,Megha Sant,1957-04-09,"57/395, Prabhu Zila, Katihar 721196",506813042
427,Manya Garde,2000-10-07,"08, Mahal Nagar, Surat-507884",669183020
428,Jacob Swaminathan,1974-01-26,"H.No. 18, Verma Chowk, Raurkela Industrial Township 564526",774956950
429,Yasti Comar,1993-09-27,"431, Lanka Ganj, Vijayawada 448734",373716195
430,Jhalak Kota,1967-09-18,"96, Gera Chowk, Saharsa-592469",366317806
431,Warinder Mody,1977-12-12,"67/04, Parikh Ganj, Aurangabad-455295",976471509
432,Jai Dewan,1958-01-09,"H.No. 952, Walla Street, Yamunanagar 296918",250473249
433,Harshil Khalsa,1984-11-22,"67/119, Mahal, Alwar 156311",696622324
434,Banjeet Kar,1989-12-17,"40, Chad Road, Rajpur Sonarpur 004460",362476252
435,Ekavir Kakar,1984-09-02,"842, Zachariah Nagar, Korba-032586",946636436
436,Matthew Viswanathan,1969-08-24,"H.No. 59, Kara Circle, Surat 480986",624061432
437,Aachal Goda,1945-06-10,"H.No. 31, Sule Street, Bhilwara-710781",790669777
438,Rehaan Lanka,1943-03-07,"52/21, Guha Path, Panchkula-243731",881518030
439,Krishna Dara,1963-12-15,"H.No. 288, Bhatnagar Zila, Tiruppur-631214",717348093
440,Wahab Zacharia,1964-05-24,"67/196, Mannan, Chapra 719877",144379525
441,Raagini Lad,1983-08-24,"68, Oommen Chowk, Malegaon-496239",571536455
442,Isaac Chakrabarti,1963-07-27,"H.No. 557, Wali Circle, Korba-352464",561072862
443,Falak Dash,1984-07-03,"149, Mital Road, Bihar Sharif-956868",933020138
444,Ethan Wali,1940-08-30,"08/552, Mallick Ganj, Medininagar-384838",133564574
445,Harrison Chad,1966-05-27,"53/529, Sankaran Zila, Aurangabad-700475",621077441
446,Lopa Gade,1969-01-10,"61/499, Grover Zila, Singrauli-101433",122179339
447,Balveer Kaur,1997-04-09,"86/81, Kohli Ganj, Thrissur 056576",655652067
448,Kabir Pandya,1949-02-06,"433, Raghavan Path, Motihari 013927",407732182
449,Divya Buch,1952-04-05,"908, Maharaj Nagar, Sirsa 903069",483762421
450,Ethan Bhatt,1944-10-12,"940, Talwar Circle, Sambhal-805395",565088039
451,Jasmit Narasimhan,1978-02-24,"H.No. 413, Seshadri, Bhilai 796740",987531394
452,Anya Chaudhuri,1972-05-26,"H.No. 32, Chacko Nagar, Latur 313296",018333839
453,Jasmit Pau,1938-06-20,"07, Mishra Road, Tirunelveli-954208",325390548
454,Aahana Palla,1957-01-21,"00/70, Boase Circle, Sultan Pur Majra 580347",727795898
455,Siya Karan,1956-03-28,"H.No. 93, Barman Path, Nellore 807150",167033543
456,Ladli Jani,1944-09-02,"003, Atwal Street, Motihari 998170",849759045
457,Sara Bali,1970-12-04,"17/72, Atwal Nagar, Surendranagar Dudhrej 518105",959416502
458,Xavier Korpal,1982-05-25,"89, Kota Zila, Shimoga-955335",430606472
459,Jacob Chander,1951-05-22,"19/161, Chauhan Marg, Vadodara 882167",942705756
460,Jagvi Iyer,1954-08-13,"25/984, Singhal Nagar, Kumbakonam-837765",562151081
461,Balendra Tiwari,1960-02-11,"H.No. 746, Comar Chowk, Kalyan-Dombivli-629777",661831873
462,Karan D’Alia,2003-08-28,"02, Sami Marg, Bhiwandi 399310",961384379
463,Abdul Issac,1968-07-24,"H.No. 124, Dar Nagar, Udupi-706518",734163684
464,Kamya Choudhry,1946-10-04,"01, Sundaram Marg, Katihar-407408",125922199
465,Vihaan Kibe,1988-11-20,"355, Chacko Road, Kharagpur 738298",828465089
466,Udant Rajagopal,2006-07-14,"34/113, Chowdhury Zila, Shimla 531359",688358338
467,Anay Bora,1961-12-10,"H.No. 809, Hari Circle, Farrukhabad 545746",882818928
468,Tamanna Nagarajan,1994-08-23,"839, Mander Ganj, Muzaffarnagar 446443",323946568
469,Upma Roy,2004-08-15,"59/413, Ravi Street, Ujjain-102839",775198571
470,Wazir Bhalla,1966-12-18,"H.No. 008, Shankar Chowk, Meerut 071962",263303391
471,Jeet Rana,1935-07-20,"H.No. 412, Kalita Marg, North Dumdum-423519",354375807
472,Warda Gopal,1982-04-29,"H.No. 162, Dora Chowk, Kota 363687",586861433
473,Tanveer Verma,1951-12-01,"91, Brar Street, Khandwa-840946",660395355
474,Mason Sandhu,1946-02-03,"54/879, Chander Zila, Sagar-774011",780360229
475,Matthew Rattan,1969-02-18,"H.No. 19, Ganguly, Jalgaon-205609",426023961
476,Lila Taneja,1959-09-15,"44, Kaul Road, Jalandhar 059129",251832307
477,Baghyawati Datta,1993-10-09,"H.No. 249, Bhatti Road, Bardhaman 535744",070750936
478,Zaid Iyengar,1981-01-22,"26/74, Singhal Road, Bally-419413",621037758
479,Upadhriti Guha,1979-12-05,"H.No. 29, Rajagopalan Ganj, Hindupur 170215",661559701
480,Anvi Chatterjee,1965-03-25,"270, Bhat Path, Sasaram-827027",063841180
481,Yahvi Kashyap,1993-07-25,"040, Kade Nagar, Anand 865531",086650215
482,Lopa Sridhar,1977-05-02,"35, Prakash Marg, Miryalaguda 351372",434198454
483,Ladli Soman,1969-12-17,"H.No. 57, Rajagopal Chowk, Darbhanga-599669",295753163
484,Lila Mani,1974-07-02,"H.No. 48, Sarma Path, Sambalpur-311308",191188420
485,Wahab Karan,1955-01-19,"H.No. 33, Bose Nagar, Ichalkaranji-806257",922494275
486,Ekani Mukherjee,1938-09-02,"H.No. 752, Barman Path, Bhusawal 654699",938275836
487,Ria Padmanabhan,1974-12-24,"H.No. 119, Dyal Zila, Dhule-161269",479896647
488,Bachittar Deol,2002-10-25,"84, Iyengar Nagar, Patna-489988",403477396
489,Ijaya Brar,1972-10-05,"95/757, Som, Srinagar 261880",282283682
490,Xiti Ramakrishnan,1955-09-27,"H.No. 138, Radhakrishnan Street, Kottayam 275215",376344531
491,Vansha Anand,1985-10-09,"H.No. 421, Dua Ganj, Jaipur-771479",216170510
492,Anita Thaker,1939-09-20,"43, Sachar Marg, Gudivada-539794",761321643
493,Gagan Raghavan,1972-09-10,"30/371, Wali Path, Morbi 345508",500794344
494,Om Srinivasan,1994-01-02,"19/801, Patla Road, Buxar-678524",015307845
495,Jason Borah,2005-02-17,"96, Samra, Mahbubnagar-678210",883984340
496,Indrajit Varma,1978-03-19,"H.No. 580, Om Nagar, Katihar-572268",068747782
497,Indali Pingle,1944-08-13,"811, Kibe Road, Pimpri-Chinchwad 747346",316049526
498,Ucchal Sankaran,1981-09-27,"38/65, Thaker Chowk, Nanded 685099",172636159
499,Chatura Narain,2002-12-02,"230, Rama Street, Karawal Nagar-490017",096160801
500,Jonathan Parikh,1984-10-28,"H.No. 145, Balay Marg, Bally 115634",403058068
501,Aarav Sant,1943-07-22,"H.No. 93, Prabhakar Street, Tumkur-692254",786844845
502,Ekiya Rau,2003-03-18,"274, Bansal Path, Machilipatnam 311107",803292649
503,Tanay Bala,1991-06-30,"49, Dora Chowk, Uluberia 262601",780963776
504,Chaman Badal,1976-12-21,"792, Chand Ganj, Singrauli 500201",105868201
505,Aditya Saran,1987-12-06,"30/212, Dada Nagar, Amaravati 296213",974124716
506,Omya Anand,1964-12-16,"H.No. 758, Luthra Circle, Gandhinagar 063762",120283202
507,Balhaar Rana,1948-03-06,"25/081, Barman Chowk, Imphal-014380",447715079
508,Kevin Palla,1992-10-26,"03, Guha Ganj, Miryalaguda 607768",195984067
509,Pahal Parekh,1937-02-28,"34/994, Gaba Street, Panvel 684159",306760566
510,Gavin Kapur,1974-03-07,"H.No. 59, Mall, Dindigul 054842",924757911
511,Veer Dhingra,1956-04-10,"69/44, Gour Nagar, Warangal-066092",437439401
512,Kai Sankar,1972-03-27,"29/187, Acharya Nagar, South Dumdum 587296",496979180
513,Jason Agate,1976-12-15,"089, Choudhary Marg, Ahmedabad-759949",773509528
514,Chasmum Bhatia,1973-06-01,"H.No. 902, Chaudhry Circle, Sikar 645242",837975545
515,Chakradhar Datta,2004-05-27,"H.No. 905, Vora Street, Purnia-560021",263900359
516,Nicholas Som,1945-01-26,"96/63, Menon Zila, Nellore-292240",020853360
517,Indali Om,1936-05-18,"64, Balan, Guna-970995",577697175
518,Balhaar Ratta,1968-04-13,"32/38, Bhatt Marg, Silchar-155624",659422937
519,Hitesh Ahuja,1949-02-22,"H.No. 79, Karan, Jhansi-982833",094803215
520,Bhavya Subramanian,2004-10-06,"358, Loyal Marg, Erode-726398",506638918
521,Nimrat Dhaliwal,2005-03-05,"336, Mishra Zila, Mumbai-843734",879808684
522,Atharv Mangat,1988-06-05,"H.No. 76, Sura Nagar, Khandwa-101006",219900884
523,Janani Prabhu,1937-10-04,"H.No. 840, Sunder Street, Sirsa-388935",470149324
524,Ria Tailor,1998-10-25,"48/95, Lala Zila, Faridabad 136605",255667757
525,Jonathan Buch,1947-04-02,"H.No. 751, Lad Circle, Jamalpur 192057",902991713
526,Alexander Pau,1941-11-19,"374, Arya, Indore-852003",257002970
527,Champak Dora,1978-04-11,"73, Balakrishnan Chowk, Orai 730711",404817260
528,Dakshesh Balay,1980-08-17,"84, Handa Nagar, Latur-758204",965950115
529,Zansi Murthy,1990-06-23,"55/879, Nayar Marg, Ozhukarai-098333",901321175
530,Bhavini Behl,1941-05-04,"489, Joshi, Sultan Pur Majra 812699",908821073
531,Maya Raja,1946-07-23,"H.No. 44, Khurana Marg, Akola-644732",391611604
532,Logan Prasad,1992-08-07,"H.No. 24, Sama Circle, Morbi-857424",101567634
533,Sachi Lal,1942-04-04,"H.No. 30, Chadha Street, New Delhi 667264",525055012
534,Kiaan Dixit,1990-07-29,"758, Mall Path, Mathura-351979",343249744
535,Osha Palla,1998-02-06,"H.No. 618, Shenoy Path, Khora -663400",240886743
536,Indali Swamy,1949-12-29,"97/464, Ahuja, Tirunelveli 324068",528787194
537,Kamya Prakash,1941-06-15,"H.No. 079, Om Street, Gandhidham 470912",449034461
538,Ranbir Chad,1964-02-14,"H.No. 519, Batta Street, Aligarh-757405",560772209
539,Pahal Mitra,2003-02-25,"H.No. 622, Viswanathan Zila, Tenali 099133",536000955
540,Zayan Borah,1948-11-01,"15/41, Naik Nagar, Khora -778739",716822648
541,William Rastogi,1992-03-01,"07/309, Keer Marg, Kollam 883800",673973063
542,Balendra Uppal,1990-11-18,"H.No. 97, Kar, Nagercoil 004908",323506926
543,Bina Ganesh,1938-07-03,"228, Manda Street, Chittoor 745130",196277401
544,Qabil Sarma,1993-08-11,"H.No. 45, Merchant Zila, Chandigarh-136649",849630155
545,Aarini Walia,1959-02-10,"52/26, Rama Street, Aligarh 600587",487183207
546,Balvan Srinivasan,1962-06-05,"H.No. 649, Deo Street, Bhavnagar-071369",641989588
547,Ganga Brahmbhatt,1970-03-22,"45/960, Chana Road, Bijapur 230288",385891171
548,Lohit Jain,1936-08-11,"78/93, Ghose Chowk, Rourkela-378259",053041997
549,Girik Keer,1940-02-18,"95, Varkey Road, Sri Ganganagar-331184",305831625
550,Triya Kurian,1988-10-20,"64/537, Chaudry Street, Morbi-361684",463443092
551,William Raghavan,1979-06-19,"78, Oza Circle, Bhiwandi-165351",709767946
552,Anthony Lanka,1978-02-17,"42/27, Golla Zila, Parbhani 793135",854839268
553,Meghana Badami,2007-05-26,"172, Hayer Road, Ballia 813393",379012119
554,Alka Tank,1977-02-13,"H.No. 62, Viswanathan Street, Haridwar-179687",938817132
555,Aadhya Ramachandran,1954-06-06,"00/627, Chowdhury Ganj, Nandyal-496650",634587628
556,Peter Tandon,1954-05-21,"82/85, Dara Ganj, Bidhannagar-242159",012489498
557,Ekani Krishnan,1942-04-13,"18/20, Chandra Path, Saharsa 282418",094605639
558,Arunima Seshadri,1964-02-09,"06, Kannan Ganj, Dhule-773858",217274275
559,Omisha Badami,1947-06-22,"70/897, Ahuja Ganj, Ghaziabad 048739",154731013
560,Jyoti Bajaj,1985-01-18,"H.No. 24, Rajagopalan Street, Haridwar-365763",000151779
561,Qasim Sarna,1936-09-07,"H.No. 010, Palla Nagar, Mau-233816",013922127
562,Gunbir Bajaj,1962-05-10,"500, Ganguly Path, Bardhaman-288934",761851663
563,Omya Venkataraman,1975-04-10,"H.No. 61, Dhar Chowk, Hubli–Dharwad-327498",571825337
564,Aryan Pillay,1983-11-18,"64, Sibal Circle, Bhilai 829228",304506916
565,Lajita Butala,2000-01-18,"32/43, Bhargava Ganj, Gwalior-443511",483988131
566,Nachiket Babu,1978-04-06,"796, Parekh Chowk, South Dumdum-726968",180348649
567,Irya Sampath,1980-11-13,"H.No. 25, Manne Chowk, Arrah 509803",639620075
568,Niharika Soni,1977-02-15,"56/540, Luthra, Bokaro 582927",344932313
569,Janani Wadhwa,1988-01-26,"H.No. 02, Dubey Road, Sultan Pur Majra-216740",740137255
570,Bachittar Shah,1988-11-07,"52/402, Chad Road, Etawah 745089",083644347
571,Faris Halder,1980-06-13,"H.No. 16, Pandey Nagar, Buxar 769402",412826198
572,Gopal Kumar,1968-11-11,"H.No. 968, Krishna Road, Mau 385956",443938753
573,Arjun Gopal,2003-03-16,"H.No. 89, Nayar Ganj, Jodhpur 117002",190524156
574,Omkaar Mody,1991-09-03,"58/89, Savant Street, Hyderabad-936764",151937851
575,Neha Narasimhan,1975-11-23,"02/387, Atwal Path, Erode-246837",228219084
576,Mitali Choudhry,1954-07-10,"H.No. 16, Tella Zila, Satara 019407",120614073
577,Vamakshi Rastogi,1960-03-29,"96/873, Natarajan Road, Madurai-185728",194176633
578,Triya Yogi,1978-02-05,"01, Seth Path, Baranagar 726438",272763642
579,Faqid Dhar,1946-01-31,"92, Patil Path, Pallavaram 330679",200788803
580,Siddharth Jha,1970-01-10,"H.No. 69, Bera Road, Nadiad 908098",604280892
581,Upasna Grover,1986-12-10,"50/04, Brahmbhatt Chowk, Khora -330885",672887957
582,Fitan Mammen,1938-07-12,"49, Deshpande Ganj, Bettiah-842575",203846429
583,Bina Patla,1941-05-02,"760, Kashyap Zila, Jalgaon 404441",370963390
584,Lipika Karnik,1961-11-27,"77/11, Narayan Zila, Farrukhabad-771406",509928714
585,Sudiksha Bir,2002-09-24,"11/62, Patla Ganj, Adoni 578037",680058787
586,Yashica Nagarajan,1939-05-28,"H.No. 30, Narasimhan Nagar, Pimpri-Chinchwad-377451",841412295
587,Anmol Sarkar,1980-04-12,"H.No. 13, Dada Nagar, Nandyal-440717",718669569
588,Damyanti Yohannan,1978-04-18,"29/070, Patla Street, Rajkot-552023",532306231
589,Jeevika Buch,1980-03-08,"256, Lala Road, Thrissur-729810",436232734
590,Sanaya Chatterjee,1943-03-16,"09/769, Khalsa Marg, Narasaraopet 608117",169163678
591,Bahadurjit Rattan,1948-04-06,"H.No. 249, Mannan Circle, Dindigul-701610",954133688
592,Benjamin Mistry,2001-11-13,"159, Thakur Marg, Alwar 099133",343073903
593,Vasana Tank,1954-06-03,"47, Rajagopalan Zila, Sambalpur-067937",710995620
594,Janya Gour,1999-12-03,"H.No. 02, Patla Circle, Sirsa-975192",319932263
595,Ranbir Khalsa,1966-07-30,"527, Sem Street, Kozhikode-505568",269976260
596,Tristan Babu,1962-04-16,"H.No. 461, Rau Chowk, Kamarhati 050827",851361799
597,Reyansh Bassi,1958-02-08,"135, Bhatti Chowk, Thoothukudi 439000",179279515
598,Qadim Deshmukh,1962-07-14,"89/557, Walla Path, Sri Ganganagar-491856",646523649
599,Jonathan Ramachandran,1984-11-17,"31, Gara Street, Allahabad 901146",586962871
600,Kamala Buch,1957-05-03,"82, Varughese Zila, Khora  486297",928654520
601,Madhav Mane,1950-06-21,"H.No. 318, Chandran Ganj, Davanagere 167572",276239608
602,Hemal Sachdeva,1947-04-29,"H.No. 625, Bawa Road, Junagadh 398262",414509015
603,Daksh Choudhry,2001-02-28,"66/14, Dani Chowk, Chinsurah-761613",081339042
604,Gaurav Kota,1989-02-24,"H.No. 58, Date Zila, Katihar 591124",467439622
605,Ekani Garg,1951-10-17,"42/921, Sen Path, Ludhiana-457288",517446143
606,Divya Chakraborty,2006-07-08,"88/58, Loyal Road, Udupi-003089",803328696
607,Vaishnavi Jaggi,2000-05-08,"H.No. 774, Natarajan Ganj, Tiruvottiyur 405191",841702445
608,Baljiwan Talwar,1999-05-13,"H.No. 782, Mani Chowk, Bellary 295736",470768621
609,Chaman Cheema,1978-03-14,"H.No. 927, Dhawan Street, Hapur 827589",665316311
610,Lipika Venkataraman,1969-11-25,"34, Murty Circle, Kharagpur 939219",447589163
611,Frederick Verma,1984-07-20,"98, Rajan Chowk, Gulbarga 444169",347077124
612,Avni Krishna,1962-07-19,"H.No. 62, Parmar Nagar, Asansol 594850",467175177
613,Ishita Vyas,1999-12-27,"96/799, Pau Road, Gurgaon 304031",808117056
614,Netra Dey,1967-04-29,"H.No. 485, Balakrishnan Street, Bijapur 752377",392667319
615,Niharika Koshy,1992-10-11,"374, Choudhary Zila, Mangalore 878419",516215882
616,Reva Shanker,1990-03-03,"38, Basu Nagar, Noida 801735",280584200
617,Leena Sridhar,1952-05-20,"H.No. 867, Khare Nagar, Khora -325330",273789348
618,Yatan Chana,1961-10-22,"455, Purohit Nagar, Loni 983158",489185143
619,Amol Narasimhan,1939-01-26,"16, Solanki Path, Ajmer-071383",424382390
620,Rehaan Borah,1999-04-06,"97, Bhat Circle, Bhilai 413837",508620205
621,Arjun Setty,1953-04-26,"48/43, Chandra Street, Vellore-705578",224814799
622,Gaurika Lad,1941-03-16,"43/760, Bains Path, Bettiah 170073",696753917
623,Aayush Nath,1970-09-18,"87/17, Narang Street, Siwan-944591",231004674
624,Charles Sankaran,1937-10-29,"69, Sandhu Ganj, Nashik 671308",980907501
625,Anamika Dash,1966-02-21,"H.No. 414, Nagarajan Road, Begusarai 909888",523382698
626,Barkha Sidhu,1976-01-28,"29/852, Nigam Nagar, Ranchi 931267",255075022
627,Mahika Acharya,2004-07-09,"H.No. 35, Rege Marg, Ujjain 780131",918758790
628,Imaran Murthy,1985-08-26,"H.No. 33, Modi Circle, Machilipatnam 436758",445832925
629,Christopher Randhawa,2002-09-11,"63/911, Saini Zila, Mumbai 457504",189446253
630,Ekantika Gara,1998-07-27,"88/841, Modi Ganj, Hapur 962677",966639162
631,Bachittar Agrawal,1947-12-17,"24/522, Ratta Path, Anantapuram-756589",090135238
632,Yashvi Bora,1989-01-06,"60, Sule Zila, North Dumdum-976137",373527215
633,Amrita Gaba,2001-11-04,"H.No. 66, Mody Ganj, Baranagar 094789",412104656
634,Noah Grover,2004-12-05,"52/54, Sodhi Path, Vellore-152926",352971766
635,Jonathan Gopal,1998-02-11,"35/69, Deol Path, Tumkur 760503",602813199
636,Bhanumati Parekh,1993-02-26,"H.No. 654, Bhatnagar Road, Mehsana 854109",913874090
637,Avni Mukherjee,1938-02-04,"99, Dhar Ganj, Gopalpur-534548",836535664
638,Ethan Tak,1944-11-06,"67, Hegde Zila, Ozhukarai 809492",329713181
639,Ucchal Loyal,1957-02-18,"H.No. 66, Varkey Street, Muzaffarpur 396815",127630625
640,Chandani Rajagopal,1950-01-02,"58/740, Oza Nagar, Naihati-030911",703932956
641,Simon Bhalla,1972-06-13,"H.No. 432, Sehgal Path, Madanapalle-975423",956180301
642,Zashil Dua,1974-05-14,"H.No. 864, Bhasin Circle, Bhatpara-981114",844535149
643,Pranit Mani,1998-10-09,"H.No. 965, Saha Circle, Mysore-233771",396446707
644,Gavin Radhakrishnan,1993-12-22,"575, Grewal Circle, Ozhukarai 209471",739250369
645,Henry Baral,1994-05-04,"77/36, Pandey Chowk, Buxar 700012",644288287
646,Ethan Bawa,1935-11-01,"524, Deshmukh Zila, Ambattur 071533",946615665
647,Arunima Pal,1962-11-27,"85/83, Deshpande Ganj, Mysore-290680",278036730
648,Xavier Misra,2000-07-28,"14/514, Kamdar Path, Vadodara 601488",447941502
649,Jacob Patil,1965-03-13,"53/591, Varughese Circle, Rewa 273344",647632156
650,Harshil Loke,1938-03-21,"609, Raghavan Ganj, Phusro-279220",329956690
651,David Kala,1938-07-22,"05, Rastogi, Jorhat-155513",717475728
652,Advik Sathe,1953-02-13,"217, Bhat Marg, Hajipur 261102",658969611
653,Nitara Sarin,1983-03-13,"H.No. 74, Saraf Road, Durgapur-548450",430487338
654,Dayita Bawa,1970-12-20,"89/66, Som Circle, Tirupati-681949",293386606
655,Ishanvi Acharya,1994-10-19,"H.No. 753, Ram Road, Satara-612857",858421715
656,Vrishti Natarajan,1970-04-07,"34/38, Ramesh Ganj, Visakhapatnam 913670",428111105
657,Finn Keer,1945-05-16,"H.No. 39, Dua Zila, Amritsar-501029",736186751
658,Krish Master,1979-11-25,"70/709, Solanki Marg, Nizamabad-700615",598440293
659,Jatin Varughese,1961-07-25,"60/46, Gopal Zila, Rewa 840502",016802910
660,Udant Tiwari,1936-04-28,"19/93, Chadha Road, Ahmedabad 882047",410054893
661,Jonathan Bal,1945-02-13,"H.No. 088, Nazareth Road, Bokaro-236617",314413687
662,Darsh Mistry,1977-12-17,"24, Issac Ganj, Sagar-301162",828640365
663,Jhalak Chhabra,1982-08-07,"905, Nayar Circle, Patiala 055041",781524566
664,Pushti Konda,1978-07-30,"34/098, Kalla Circle, Kirari Suleman Nagar 846216",663738537
665,Deepa Behl,1990-07-07,"39/58, Bhakta Path, Eluru-607067",045571476
666,Caleb Sengupta,1936-11-28,"37/35, Kala Street, Nandyal 766716",278320471
667,Gunbir Atwal,1998-08-02,"H.No. 348, Krishna Road, Saharsa 286140",121907666
668,Meera Balan,1995-03-31,"04/59, Atwal Path, Asansol 188329",712063352
669,Hemani Dave,1962-04-06,"06, Patel Path, Khammam 108574",593212717
670,Gunbir Soman,1969-07-13,"H.No. 43, Sahni Road, Ghaziabad 092006",333335171
671,Rachita Bandi,1962-03-29,"H.No. 452, Mittal Path, Orai-360611",947197986
672,Unnati Prakash,1956-02-16,"09/698, Narayanan Marg, Shahjahanpur 298514",691136271
673,Darsh Krishnan,1961-05-19,"H.No. 93, Kalla Ganj, Gaya-359774",737436909
674,Yashasvi Kapadia,1949-12-13,"65, Sawhney Circle, Chandigarh-098522",386145735
675,Ekantika More,1973-04-23,"H.No. 08, Basak Marg, Thrissur-040997",301228627
676,Siddharth Bains,1974-03-24,"02/189, Sachar, Ahmedabad 987588",563063442
677,Rushil Dara,1970-02-11,"H.No. 46, Prakash Zila, Munger 116288",315835966
678,Theodore Srivastava,1940-01-19,"H.No. 605, Sahni Road, Raichur 132681",120827980
679,Ekiya Sodhi,2003-02-16,"117, Chawla Ganj, Nellore 940481",824320945
680,Chandani Krishna,1948-07-31,"67/70, Handa Chowk, Patna-346983",855121099
681,Upkaar Menon,1948-08-21,"H.No. 508, Joshi Chowk, Hubli–Dharwad 973083",136790487
682,Advik Warrior,2006-11-21,"09/296, Sidhu Ganj, Bhalswa Jahangir Pur-759927",084133114
683,Anika Mall,1973-08-23,"53, Puri, Varanasi-938652",600141146
684,Wazir Choudhry,1997-02-14,"H.No. 41, Bahl Marg, Karimnagar 501407",998525139
685,Upadhriti Mistry,2003-10-08,"63/03, Keer Road, Khora -620778",352830982
686,Daksha Choudhary,1998-02-03,"39, Singhal Street, Kalyan-Dombivli-769649",284694304
687,Deepa Loyal,1984-02-12,"387, Menon Ganj, Warangal 998611",153178692
688,Odika Kothari,1993-11-29,"244, Nagar Ganj, Srikakulam-866691",345455860
689,Udant Varkey,1975-10-31,"H.No. 34, Prabhakar Zila, Rajahmundry-737735",266315668
690,Ekta Bhatia,1935-10-12,"H.No. 78, Vaidya Ganj, Raiganj 971001",204633197
691,Shravya Walia,1982-11-12,"294, Sani Road, Mau-831685",432440921
692,Sanaya Chaudhary,1983-06-22,"53/337, Sami Zila, Begusarai 693952",053264799
693,Reyansh Dutta,1979-05-14,"79, Rao Street, Saharsa-417408",867702697
694,Zaid Pandya,1999-03-22,"364, Pradhan Path, Sambhal-169354",249472750
695,Ojas Konda,1944-09-04,"73/03, Rout, Ghaziabad 602714",866305951
696,Maanav Pingle,1978-04-10,"133, Kashyap Zila, Malda 137180",266962232
697,Wazir Dhillon,1940-09-11,"38/60, Rama Road, Howrah-277130",081125222
698,Samuel Din,2000-10-19,"39/142, Chakraborty Zila, Amritsar 988530",472208488
699,Mahika Bobal,1971-05-29,"H.No. 287, Kala Street, Bhilai 806611",817154855
700,Neha Kannan,1935-01-24,"81, Majumdar Circle, Bokaro-311191",937969935
701,Upkaar Radhakrishnan,1975-10-22,"79, Bera Ganj, Medininagar-881741",758674907
702,Riya Chandran,1938-12-07,"57/065, Walla Nagar, Belgaum 421556",434229576
703,Devansh Singh,1982-05-23,"H.No. 592, Kohli Path, Bhubaneswar-730271",101531604
704,Dipta Mane,2002-01-12,"64, Gole Chowk, Mahbubnagar-739868",173800215
705,Charan Balakrishnan,1990-12-14,"76, Dasgupta Road, Pallavaram 317560",868469656
706,Jeevika Bahri,2003-03-18,"H.No. 38, Parikh, Srinagar 352342",102858802
707,Chandresh Chand,1997-08-25,"25/12, Oza Marg, Yamunanagar 497843",774735214
708,Imaran Ghosh,1954-11-02,"53/15, Mahal Zila, Silchar 071618",621161196
709,Saanvi Sant,1946-11-15,"22, Gour Circle, Amaravati-689739",799205565
710,Fitan Manda,2006-01-26,"735, Comar Street, Katihar-317383",993174470
711,Ekalinga Ghose,1995-07-20,"18/003, Dey Chowk, Visakhapatnam 025411",651253176
712,Bhavika Pai,1954-10-11,"H.No. 656, Murthy Chowk, Hajipur 565921",831388607
713,Faqid Bhardwaj,1937-09-22,"H.No. 579, Loke Road, Alwar 801218",928046029
714,Tripti Manne,1962-07-21,"H.No. 98, Rattan Street, Aizawl-872429",796292928
715,Luke Kulkarni,1947-04-12,"92/767, Modi Nagar, Gandhinagar 286794",503075804
716,Kala Parmar,1965-12-04,"841, Sehgal Zila, Agartala 497086",277678099
717,Tanay Sahota,1973-03-07,"H.No. 941, Nagy Road, Bharatpur 411347",193571161
718,Chandani Kala,1985-02-01,"61/79, Sachdeva Road, Tinsukia 342903",898741430
719,Gautam Sen,1975-10-24,"24/643, Sharaf Path, Adoni-903068",409118501
720,Krish Kala,1941-04-13,"H.No. 00, Mall Chowk, Rajkot-579397",220366937
721,Megha Gopal,2006-03-14,"H.No. 165, Rai Nagar, Mangalore-954233",460588365
722,Sanya Chaudhary,1970-01-09,"38/401, Rama Marg, Surat-133925",326524641
723,Mahika Sundaram,1980-01-21,"63/95, Sundaram, Bikaner-536252",373446922
724,Onveer Devi,1998-06-24,"80/48, Dora Marg, Bangalore-841359",868406626
725,Maanas Suri,1971-04-19,"H.No. 78, Agarwal Zila, Kolkata-608329",791683901
726,Gauri Mani,1934-10-01,"22/05, Patla Street, Thrissur 850344",992025380
727,Aashi Korpal,1948-09-26,"82, Hora Zila, Bangalore-698366",200934075
728,Gagan Sachdeva,1951-05-04,"81/677, Chawla Nagar, Shahjahanpur-161236",159403534
729,Neel Ratti,1955-03-11,"H.No. 68, Sangha Ganj, Amritsar-230070",322085181
730,Fariq Morar,1942-08-08,"H.No. 71, Chaudhary Path, Nagpur-168980",060923184
731,Gopal Menon,1954-03-09,"02, Kale Circle, Unnao 077799",097350087
732,Manan Subramaniam,2007-04-01,"729, Dutt Circle, Kota 986025",080010947
733,Kritika Sachar,1965-03-03,"H.No. 105, Memon, Vellore-584117",337368982
734,Timothy Jhaveri,1952-10-09,"H.No. 39, Dugar Nagar, Tirupati-153732",593872356
735,Omya Randhawa,1979-07-27,"H.No. 416, Date Chowk, Bhind-489095",344823422
736,Raghav Rajan,1980-08-17,"H.No. 92, Chaudhry Marg, Tezpur 016664",504167092
737,Geetika Buch,1944-02-15,"H.No. 92, Sen Path, Mysore-264683",323023797
738,Oviya Dua,1982-03-08,"H.No. 00, Biswas Ganj, Bhagalpur-068178",805656224
739,Ekansh Talwar,1953-05-15,"67, Gala Road, Tadipatri 442588",659557558
740,Neha Shenoy,1992-10-01,"H.No. 90, Krishnamurthy Circle, Bhilai 823232",151086048
741,Ekta Jha,1976-10-25,"744, Bajwa Road, Korba-542556",987040983
742,Harita Rege,1965-08-02,"H.No. 819, Kuruvilla Circle, Tadepalligudem-968931",460848783
743,Tamanna Dugal,1951-04-16,"56/93, Nath Path, Thrissur-386943",436590738
744,Zayan Gera,1991-09-24,"H.No. 51, Ganesan Road, Saharanpur 657246",704276385
745,Odika Dayal,1967-09-30,"H.No. 301, Hari Marg, Haldia-202657",372063147
746,Vansha Sethi,1976-05-15,"48/732, Pall Road, Unnao 787063",416090193
747,Chakradev Dar,1971-03-15,"01, Rattan Ganj, Jalgaon-181698",211636271
748,Mohini Bhatia,1961-02-03,"H.No. 97, Konda Nagar, Loni 301251",423782933
749,Rudra Naik,1945-06-09,"189, Kaul Nagar, Ozhukarai 438196",316718427
750,Bachittar Deol,1995-04-11,"35/720, Mall Zila, Kalyan-Dombivli 875004",264656411
751,Tarak Narain,1998-10-09,"83, Desai Zila, Buxar 635451",434412662
752,Adya Patil,1991-09-24,"46, Batta Road, Vijayawada-985969",888075874
753,Janya Balakrishnan,1968-07-24,"04/47, Purohit Path, Nagpur-126436",845889318
754,Lila Bandi,1943-11-30,"255, Choudhary, Pondicherry 048041",836693220
755,Sara Ray,1936-10-09,"825, Ganesan Street, Alappuzha 673983",683508139
756,Reyansh Dhingra,1995-09-16,"32, Mital Nagar, Latur 178243",498782388
757,Tamanna Mangat,1976-01-28,"H.No. 156, Muni Circle, Akola 217631",302353216
758,Faris Rajan,1970-10-25,"18/28, Singh Street, Agartala 982624",692902106
759,Joshua Guha,1984-03-21,"H.No. 524, Trivedi Marg, Saharsa-739604",276198119
760,Varsha Bakshi,1953-01-25,"67, Kohli Ganj, Narasaraopet-275019",283706484
761,Mohini Palla,1985-03-01,"04/76, Sathe Chowk, Raichur-999425",415196662
762,Saumya Parsa,1960-01-29,"038, Sidhu Path, Etawah-258433",624552171
763,Aarush Borah,1945-02-13,"H.No. 60, Koshy Road, Ujjain-438056",598788274
764,Isha Sachar,1942-04-29,"67/32, Merchant, Gaya-197220",831563071
765,Ridhi Batra,1982-08-03,"30/53, Dada Street, Anantapuram-710981",676071289
766,Naveen Iyengar,1948-10-10,"H.No. 44, Varma Chowk, Bikaner 854386",324099846
767,Diya Sant,1950-02-18,"86/39, Acharya Zila, Dindigul-188636",680752195
768,Qasim Khurana,2005-08-26,"18/253, Suresh Ganj, Korba 495952",435108906
769,Jagdish Sha,1950-03-17,"H.No. 46, Tata, Bhusawal 719276",470739271
770,Vidhi Sane,1999-04-01,"684, Choudhury Ganj, Guna 497252",543642648
771,Lavanya Sami,1956-12-04,"930, Samra Ganj, Nellore-442651",345107380
772,Priya Parsa,2002-10-12,"010, Char Zila, Serampore-756453",019454766
773,Baljiwan Kadakia,1995-04-07,"58, Khalsa Chowk, Motihari 479708",531948645
774,Tanish Wadhwa,2002-11-22,"74/091, Pradhan, Saharsa-075079",038019829
775,Veda Kohli,1970-09-01,"47, Dar Ganj, Rajkot-952694",807456601
776,Forum Vohra,1965-11-07,"48, Varkey Path, Mangalore 368557",694045513
777,Jeevika Jha,1943-08-28,"24/86, Brahmbhatt Marg, Bangalore-444082",577601310
778,Bhavna Lad,1952-12-18,"67/128, Dhar Road, Khora -270718",688480296
779,Janani Gara,1982-04-28,"H.No. 31, Hayer Marg, Rampur-046704",450791688
780,Harini Acharya,1964-02-16,"204, Jain Road, Satara 782068",394390780
781,Wriddhish Char,1944-07-31,"32/581, Vyas Zila, Raurkela Industrial Township-618439",184156248
782,Praneel Sarkar,2005-02-24,"11/22, Kothari Nagar, Rajahmundry-544640",840893053
783,Tanmayi Kaul,1972-06-22,"H.No. 152, Ben, Nagaon-891985",985592797
784,Naksh Purohit,1992-01-20,"80/12, Chaudhuri Zila, Bangalore 913482",949158576
785,Nicholas Chanda,2001-08-20,"H.No. 803, Thaker Path, Mangalore-700471",996526810
786,Victor Kumer,1936-06-09,"20/940, Lata Path, Nadiad 042349",766773021
787,Ganga Khatri,2002-05-04,"474, Lata, Bijapur 511603",802001517
788,Max Sant,1974-05-19,"638, Agarwal Path, Kamarhati-878627",751882775
789,Yachana Som,1975-01-27,"50/92, Khurana Nagar, Secunderabad 862154",872458872
790,Jyoti Chad,1980-08-19,"744, Varkey Nagar, Nagpur 326502",450819067
791,Indrajit Nagarajan,1981-10-22,"H.No. 54, Kashyap Circle, Jalna 887635",813483074
792,Geetika Wason,1995-10-25,"54/690, Rege Ganj, Pune-179183",871637884
793,Ekiya Goda,1957-10-06,"H.No. 555, Natarajan Nagar, Gandhinagar 605488",576214051
794,Yamini Char,1978-01-12,"H.No. 368, Rout Zila, Bhiwani-300733",772245083
795,Harinakshi Viswanathan,1999-05-24,"54/434, Palla Marg, Fatehpur 318474",040940355
796,Urmi Doctor,1999-07-20,"46/97, Venkataraman Ganj, Ramagundam-798685",245257356
797,Aadi Uppal,1956-02-07,"70, Luthra Ganj, Kolkata-897853",576168921
798,Shivansh Raja,1978-11-27,"826, Pradhan Path, Bardhaman-201784",511145222
799,Ekaraj Sankaran,1983-08-30,"915, Sani Nagar, Gopalpur 513383",510367360
800,Sathvik Parikh,1998-12-20,"H.No. 194, Mukherjee, Srikakulam 755512",011734912
801,Xavier Sura,1947-03-27,"03/863, Dhillon Chowk, Kadapa 301939",187231394
802,Ucchal Chada,1983-12-03,"588, Bala Zila, Patna 767016",750115731
803,Nidhi Merchant,1939-09-25,"85/019, Basak Circle, Silchar 982608",147989621
804,Chandresh Malhotra,1991-02-20,"H.No. 64, Deshpande Circle, Cuttack 651802",544214680
805,Kalpit Bedi,2001-07-05,"H.No. 90, Guha, Sri Ganganagar 127748",518053032
806,Devansh Narasimhan,1968-03-07,"99/50, Peri Zila, Nellore 698977",702094985
807,Thomas Butala,1945-09-15,"64/25, Sachdev Path, Chapra 677577",086735266
808,Anjali Choudhary,1991-08-01,"13/702, Chatterjee Ganj, Rohtak 628301",265859522
809,Yasti Kara,1976-04-17,"939, Dass Nagar, Nadiad 654066",917709180
810,Varsha Nanda,1987-05-06,"H.No. 158, Pall Path, Bhilai-175372",301922870
811,Bhavani Hayre,1952-10-21,"92/213, Kant Path, Bihar Sharif 710096",976322931
812,Harini Agrawal,2004-05-29,"H.No. 85, Kohli Zila, Thrissur-488895",379206007
813,Nimrat Chandran,2005-10-28,"75, Taneja Nagar, Bhiwani-118396",592738057
814,Keya Kant,1987-02-01,"H.No. 15, Loyal Road, Tenali 530334",697723887
815,Avi Divan,1989-12-10,"60/34, Shenoy Marg, Karimnagar 275023",080376872
816,Sanaya Chawla,2004-04-24,"H.No. 193, Tara Marg, Kozhikode 074547",108126738
817,Priya Bhattacharyya,1961-06-29,"426, Agate Ganj, Amravati 672435",793916612
818,Saanvi Wadhwa,1971-03-08,"40/34, Dani Chowk, Kumbakonam-094155",762334397
819,Saanvi Lata,1941-11-21,"08/87, Pradhan Ganj, Surendranagar Dudhrej 399776",800444123
820,Bina Kota,1937-09-17,"H.No. 19, Ramanathan Nagar, Varanasi-198734",570543762
821,Qushi Doctor,1961-07-13,"891, Majumdar Chowk, Latur-061815",553802661
822,Omaja Yogi,1991-02-01,"H.No. 980, Salvi Nagar, Mathura 883067",430299940
823,Dhriti Ray,1997-04-10,"H.No. 82, Rana Path, Raurkela Industrial Township 170963",896375505
824,Ishaan Karan,1988-04-29,"91/732, Sundaram Zila, Visakhapatnam 705194",425392526
825,Sudiksha Kashyap,1970-07-10,"H.No. 233, Shan Marg, Nangloi Jat 303936",522647359
826,Zaitra Tank,1937-01-28,"53, Devi Chowk, Junagadh 904629",217143273
827,Harini Chhabra,1964-04-16,"H.No. 367, Sinha Marg, Hubli–Dharwad 950645",763568205
828,Krisha Ghose,1943-12-27,"H.No. 23, Bhargava, Proddatur-775223",423531091
829,Zayyan Tara,1989-04-25,"H.No. 16, Rattan Chowk, Tirunelveli-241686",303030833
830,Odika Sule,1936-11-15,"064, Malhotra Path, Bahraich 649510",198928918
831,Ekapad Mallick,1949-11-13,"87, Shukla Zila, Aligarh 781817",548685595
832,Tarak Chaudhuri,1967-06-07,"H.No. 036, Padmanabhan Chowk, Solapur 496714",634907317
833,Zilmil Parikh,1941-12-16,"87/426, Pal Nagar, Baranagar 029363",566656611
834,Chatresh Gera,1975-10-16,"33/16, Sane Ganj, Bhopal 621614",677082941
835,Sneha Gade,1960-04-01,"937, Morar, Amroha 257368",018721043
836,Sanya Issac,1990-11-14,"H.No. 72, Sodhi Road, Jalandhar 346060",590291171
837,Ekavir Kakar,1956-01-28,"H.No. 551, Date Zila, Morbi-480461",998588036
838,Aishani Malhotra,1954-05-02,"H.No. 985, Srinivasan Marg, Bidhannagar-400889",150369900
839,Yatin Sani,1953-04-12,"79/453, Kaul Road, Jamalpur 945408",368854735
840,Chakradev Cherian,1982-01-07,"06/81, Som Path, Bongaigaon-334668",634801754
841,Jalsa Pathak,1955-06-21,"H.No. 789, Chana Ganj, Purnia 417412",486143967
842,Manya Seth,1979-07-24,"09/642, Narasimhan Path, Korba 937489",076766948
843,Vyanjana Chawla,1936-12-18,"28/665, Ganesh Road, Srinagar-030132",599242325
844,Faraj Shetty,1995-05-08,"08/774, Desai Nagar, Giridih 331966",331093984
845,Chavvi Tank,1995-06-04,"96/859, Devan Marg, Kulti 391477",024989020
846,Pahal Setty,1964-04-15,"518, Parikh Circle, Bangalore-868732",517023869
847,Charvi Ramesh,2000-08-11,"H.No. 823, Sule Marg, Nadiad 771266",653826045
848,Waida Kara,2004-01-14,"36/478, Bhatti Marg, Tadipatri-633505",308215697
849,Ranveer Ramachandran,1998-08-06,"39, Jha Nagar, Pondicherry 534726",497583399
850,Aradhana Baria,1988-08-04,"11/97, Dara Street, Bhusawal 776626",414641631
851,Arin Krish,1971-03-10,"87/52, Sharaf, Jaunpur-633825",731092981
852,Yashodhara Pathak,1940-07-24,"H.No. 74, Balan Road, Korba-515572",847947740
853,Pranav Murty,1968-03-11,"H.No. 503, Sura Road, Uluberia-121341",307169438
854,Priya Dua,1999-08-27,"H.No. 01, Kata Nagar, Machilipatnam-706035",766829877
855,Mahika Roy,1958-08-28,"53/450, Das Path, Uluberia-967234",881997043
856,Aadi Iyengar,1958-10-16,"431, Bhatti Nagar, Ambarnath-561059",565784775
857,Idika Choudhury,1985-03-25,"81/55, Desai Marg, Tirupati-068830",718297338
858,Anvi Yohannan,1960-01-17,"02, Suri Zila, Barasat-342162",462207302
859,Yagnesh Prasad,1996-08-21,"50/07, Goyal Marg, Unnao 251261",538982037
860,Ubika Ray,1970-02-15,"H.No. 41, Som Marg, Sagar-900247",192631869
861,Ishwar Srinivasan,1939-07-30,"126, Hari Marg, Nagpur-365371",424697744
862,Vedhika Chaudhuri,2007-02-05,"H.No. 30, Pradhan Chowk, Hyderabad-127804",027573409
863,Triya Karnik,1987-03-12,"H.No. 84, Batra Path, Nizamabad 123983",967636662
864,Bimala Ravel,1967-06-29,"596, Korpal Zila, Surendranagar Dudhrej 848467",398722935
865,Orinder Jani,1948-09-20,"59/03, Mitra Ganj, Gorakhpur-425664",231147156
866,Bhavika Kulkarni,1971-12-26,"H.No. 66, Luthra Marg, Eluru 556541",287789478
867,Jackson Narang,1962-05-18,"34, Bawa Chowk, Jaunpur-556044",353554213
868,Lakshit Wali,1983-01-15,"864, Dugal Path, Phagwara-889937",625683590
869,Edhitha Taneja,1999-04-22,"05/17, Savant Street, Bikaner 942402",719729442
870,Jai Parekh,1976-08-03,"79, Dubey Marg, Kanpur-230394",584411321
871,Waida Memon,1950-01-15,"49/23, Gopal Street, Kishanganj 349975",565017691
872,Jack Patla,1979-04-03,"15/42, Mishra Path, Kavali-180627",419283437
873,Samar Nair,1936-05-03,"098, Ganguly Circle, Ujjain-407793",667928098
874,Tanmayi Khurana,1983-04-20,"H.No. 52, Sahota Street, Gandhinagar 218284",488262807
875,Abha Nagarajan,1945-06-17,"46/56, Palan Zila, Chinsurah-348507",517768633
876,Matthew Biswas,1972-01-12,"H.No. 247, Buch Road, New Delhi-778912",192600032
877,Nicholas Mammen,1970-06-10,"31/45, Dara, Unnao 590521",695301737
878,Samarth Dhar,1983-09-16,"H.No. 529, D’Alia, Medininagar 462504",328492937
879,Dalaja Sheth,1954-03-07,"16/267, Khanna Street, Haldia 379793",675215663
880,Janani Sawhney,1970-05-16,"57/343, Kamdar Nagar, Tenali 229438",514658157
881,Shravya Narayanan,1936-02-13,"23/041, Andra Road, Bardhaman 271042",616779751
882,Dipta Badal,1988-08-13,"94/084, Parikh Path, Ambattur-306956",957319953
883,Pratyush Dhingra,1968-05-12,"12/032, Bansal Ganj, Mahbubnagar 386869",298672694
884,Yug Lal,1992-12-07,"H.No. 08, Balasubramanian Ganj, Gudivada-191569",659827916
885,Amol Nayar,2003-11-05,"276, Kalla, South Dumdum 514126",999587234
886,Fitan Lall,1985-10-22,"51/702, Subramaniam, Singrauli 299716",268136940
887,Agastya Kata,1939-03-24,"33/13, Bhalla Nagar, Karawal Nagar-848706",859621767
888,Siddharth Butala,1971-04-04,"H.No. 655, Sachdeva Circle, Ulhasnagar 851002",566568048
889,Vihaan Grewal,1952-10-23,"495, Reddy Zila, Tirupati-813623",233576628
890,Hemani Sastry,1987-07-02,"H.No. 28, Choudhry Chowk, Hosur-057541",015033499
891,Oviya Yogi,2001-04-13,"433, Gandhi Street, Belgaum-217747",503037274
892,Warda Palla,1985-05-22,"H.No. 769, Wali Street, Jhansi-896287",261300710
893,Jyoti Kothari,1966-08-02,"81/28, Krishnan Nagar, Guntur-379317",424412028
894,Amara Sarraf,1997-05-06,"63, Kakar Path, Jalandhar-018394",493851881
895,Arunima Puri,1985-03-03,"37/25, Aggarwal Path, Jalna 334550",954898369
896,Rayaan Subramanian,1960-02-17,"H.No. 568, Rai Nagar, Nizamabad-552322",327938044
897,Xavier Dada,1983-06-11,"94/387, Mukherjee Circle, Vijayawada-036481",335306468
898,Chandani Kumar,1985-02-24,"795, Saini Circle, Jamshedpur 972387",021241382
899,Qushi Kota,1960-04-03,"92, Arora, Indore-687681",483035209
900,Ranveer Ben,1972-12-02,"322, Murty Chowk, Darbhanga 167174",105118073
901,Krishna Chadha,1989-03-11,"H.No. 80, Bhalla Street, Hosur-166108",315691769
902,Hamsini Gala,1980-06-19,"65/803, Kala, Chinsurah-467927",802726890
903,Atharv Rai,1979-05-15,"427, Pandya Road, Ambattur-343138",651537527
904,Anmol Desai,1995-12-17,"H.No. 633, Bir Path, Motihari 174634",051827346
905,Chanakya Joshi,1989-10-15,"52, Thakur Street, Jaipur 252980",237889945
906,Fiyaz Rajagopal,1971-10-10,"326, Keer Marg, Ahmedabad-558689",100735621
907,Pallavi Rattan,1953-01-24,"65/29, Dar Street, Amroha-587337",523807233
908,Dipta Som,2007-04-29,"57/90, Modi Zila, Haridwar-406200",953107116
909,Guneet Chaudhry,1973-03-02,"87/823, Vasa Zila, Kulti-631101",407563661
910,Mason Devan,1998-11-27,"973, Raval Nagar, Satara 855392",488672147
911,Timothy Chaudhari,1939-06-17,"64, Vig Path, Bhilwara 579735",388841244
912,Hiral Garg,1999-07-11,"63/85, Bava, Uluberia-937955",746484285
913,Ojasvi Rajagopal,1946-03-22,"H.No. 806, Swaminathan Circle, Nanded-125693",006072965
914,Saksham Jayaraman,2004-07-26,"H.No. 008, Chhabra Path, Bally 088981",803270198
915,Lavanya Mishra,1947-12-07,"93/79, Sharma, Kollam-614403",566567328
916,Balvan Reddy,1992-12-20,"84, Rajagopalan Path, Solapur-843456",106915907
917,Alexander Gour,1991-10-07,"H.No. 334, Yogi Zila, Mango 212502",046208382
918,Jairaj Minhas,1989-11-19,"35/697, Sarma Path, Kochi-902251",590406062
919,Eta Salvi,1994-06-27,"H.No. 86, Bhandari Marg, Ambattur 682969",860121268
920,Jasmit Purohit,2002-03-03,"016, Ghose Road, Bhiwani 016792",504484425
921,Hema Mangat,1986-03-28,"H.No. 755, Brar Street, Bidar-044657",807357003
922,Avni Chhabra,1944-04-26,"10/47, Rastogi Circle, Delhi 173675",093987658
923,Chaitaly Gaba,1972-03-16,"94/256, Chaudhary Path, Srinagar-997437",451093586
924,Hemani Wali,1990-02-08,"37/62, Tailor, Nashik-025056",220952506
925,Frederick Suri,1977-06-05,"H.No. 15, Verma Ganj, Thiruvananthapuram 290890",920973290
926,George Narang,1985-05-08,"270, Mishra, Raichur-975390",913422287
927,Ayaan Naidu,1935-07-18,"03, Konda Street, Cuttack 829925",164913295
928,Eta Cheema,1980-11-26,"H.No. 818, Datta Chowk, Karimnagar-117129",610514544
929,Jacob Parmer,1955-08-26,"58, Dyal Ganj, Jaunpur-931098",834727490
930,Charita Vora,1943-11-01,"74/082, Sura Street, Ahmednagar 561448",405351706
931,Laksh Dasgupta,1986-05-10,"64/47, Kapur Road, Jhansi 974510",784053281
932,Warhi Raghavan,1935-06-28,"463, Lall Zila, Gwalior-444228",966659176
933,Jalsa Pillay,1941-03-13,"72/858, Kara Street, Gulbarga-166269",397885825
934,Yahvi Dass,1997-12-05,"01, Brar Ganj, Miryalaguda-042936",880542214
935,Alka Bhalla,2007-06-10,"H.No. 461, Sharma, Mumbai 703067",472231270
936,Aahana Chana,1993-07-09,"13/82, Chaudhary, Mysore 542964",231719290
937,Qadim Mander,1979-02-10,"96/97, Subramaniam Chowk, Bellary-914189",498405203
938,Kevin Choudhury,1948-08-22,"14/211, Master Circle, Ulhasnagar-523205",382441199
939,Ekiya Badami,1974-11-28,"14/03, Dewan Path, Bhalswa Jahangir Pur 733475",363640059
940,Maanas Dugar,1957-01-14,"18, Tripathi Path, Hindupur 647081",512829290
941,Zarna Barman,1948-11-04,"532, Hayre Street, Nellore-739980",549161676
942,Chaaya Patla,1940-01-19,"67/35, Sastry Nagar, Nangloi Jat 076916",628943666
943,Gunbir Contractor,1988-12-10,"15/695, Sandal Marg, Purnia 726534",889973431
944,Sara Pandit,1972-04-08,"83, Kothari Street, Srikakulam-307347",602364492
945,Tejas Sura,2001-06-26,"H.No. 31, Ramachandran Street, Nadiad-923391",255910973
946,Lajita Soman,1992-08-13,"658, Nadkarni Road, Dhule-932080",203713175
947,Radha Purohit,1974-07-09,"79/02, D’Alia Ganj, Kirari Suleman Nagar 237695",201596843
948,Daniel Agarwal,1934-10-05,"H.No. 337, Gola Path, Rajkot-588079",461984751
949,Vasatika Bath,1957-07-01,"44/410, Nair Marg, Kishanganj-425885",331891364
950,Daksh Mander,2005-09-16,"50, Ramesh Circle, Gudivada 302984",293733149
951,Anvi Gade,1955-05-31,"51/70, Chokshi, Tenali 692234",332982416
952,Ikshita Bansal,1961-09-06,"H.No. 577, Mani Street, Aurangabad-106910",935839386
953,Jagat Saraf,1998-01-12,"998, Rajan Nagar, Bhagalpur-373564",508772219
954,Harrison Verma,1962-01-13,"73, Narasimhan Nagar, Bidar 458576",794038741
955,Janaki Mohanty,2005-07-01,"123, Talwar Circle, Amritsar 380363",575182839
956,Girindra Luthra,1950-11-06,"316, Purohit Marg, Ratlam-937175",730752172
957,Neel Memon,1978-01-15,"70, Batra Nagar, Madurai 556247",377264573
958,Pranit Goel,1953-04-26,"20, Bassi Chowk, Bangalore-183826",916957400
959,Chatresh Ben,1994-08-02,"63/97, Rajagopalan Nagar, Machilipatnam 691352",641969704
960,Bakhshi Ben,1957-11-21,"84/902, Master Chowk, Kanpur-444355",897406658
961,Christopher Yadav,1942-06-17,"65/48, Suresh Chowk, Bidar 473183",330078888
962,Niharika Krishnan,1978-09-04,"09, Grover, Korba 762526",040408562
963,Faris Balan,1936-09-21,"26/787, Oak Path, Meerut-886035",802144342
964,Peter Sura,1957-06-04,"H.No. 042, Bhakta Nagar, Bhatpara 211762",033008442
965,Rachana Savant,1991-08-31,"H.No. 869, Kala, Davanagere-452562",818465482
966,Advaith Brahmbhatt,1940-07-01,"41/20, Bose Marg, Sagar-112320",457893780
967,Damyanti Iyengar,1942-05-23,"074, Palla Marg, Ongole 427209",201608076
968,Zayyan Oommen,1972-02-14,"62/127, Saxena, Bhimavaram 201586",611355928
969,Rushil Kota,1973-05-08,"23/219, Om Marg, Bidar-097536",856126547
970,Xiti Chand,1976-10-30,"H.No. 91, Mand Street, Jammu 728527",107357478
971,Zaitra Wable,1982-02-01,"33, Nair Marg, Avadi-035082",069383036
972,Megha Borde,1966-08-28,"H.No. 951, Dugar, Narasaraopet-472811",964096144
973,Damini Pingle,1993-07-28,"H.No. 836, Pingle Nagar, Bidar-163074",432875583
974,Dhriti Saraf,1996-08-28,"H.No. 105, Halder Path, Sagar 497739",956680995
975,Azaan Narula,1976-12-11,"H.No. 582, Saxena Ganj, Meerut 867567",575087336
976,Janaki Manda,1982-08-27,"82, Bhatt Nagar, Korba-904379",031325908
977,Darpan Choudhary,1938-11-20,"297, Krishnan Circle, Rajkot-256650",462232897
978,Alexander Bhat,1958-08-26,"H.No. 93, Dhawan Nagar, Jalandhar-596664",694486214
979,Vasana Uppal,1955-04-09,"817, Madan Marg, Silchar-534199",637658475
980,Ria Doshi,1973-12-13,"48/146, Dewan Path, South Dumdum-041441",341263320
981,Abhiram Kalla,1975-02-08,"09/119, Kanda Marg, Ozhukarai 537340",144113072
982,Gunbir Patla,1934-09-30,"39/590, Gera Nagar, Vellore-762596",345271312
983,Bishakha Balasubramanian,1971-02-01,"30/51, Apte Street, Junagadh-460533",281106023
984,Vansha Mital,2004-02-28,"79/127, Parmer Path, Mathura 302211",327071378
985,Anusha Saraf,1962-05-25,"H.No. 66, Kaur Chowk, Giridih-707377",550663260
986,Kavya Sama,2001-10-04,"H.No. 59, Gola Marg, Malda 671916",520864334
987,Libni Krishnan,1957-12-15,"00/167, Kuruvilla Nagar, Gaya-920190",954842011
988,Alka Om,1989-12-22,"H.No. 952, Bava Street, Sirsa-496357",190934637
989,Upma Mammen,1989-01-24,"11/286, Pillai Circle, Hosur-459723",982058317
990,Parth Kapoor,1989-12-18,"H.No. 621, Setty, Thiruvananthapuram-129202",208403136
991,Aadhya Sani,1996-11-20,"H.No. 898, Chokshi Marg, Jalna 324986",415865561
992,Karan Gill,1966-12-29,"H.No. 41, Balay Nagar, Shahjahanpur 902871",917005237
993,Anthony Sundaram,2003-02-22,"H.No. 62, Chhabra Path, Guwahati-788196",215361826
994,Vyanjana Pant,1964-12-20,"33/936, Ramesh Path, Korba-507475",049466446
995,Rachita Gokhale,1969-08-19,"H.No. 098, Tiwari Street, Nadiad-314680",876563843
996,Eshana Bhatt,1938-12-08,"86, Din Zila, Jalna-711290",892724427
997,Vedant Singh,1997-06-18,"45/44, Khurana Circle, Ballia-469019",074009305
998,Jackson Mani,1951-08-13,"72/132, Chana Circle, Mirzapur 376682",571413194
999,Jalsa Saha,1983-04-19,"297, Dhillon Road, Haldia-022839",789419730
