id,name,dob,pan_number
0,Chanchal Prashad,1952-07-24,KYYEA8118O
1,Samarth Verma,1970-09-25,LMIXF3989V
2,Mahika Narasimhan,1975-08-12,FCXZT1256F
3,Aarnav Tiwari,1953-06-24,DLZSY0581V
4,Rehaan Biswas,1976-10-31,FSAJX5285O
5,Imaran Goda,1982-05-20,RZDOY3731B
6,Jatin Wadhwa,1938-08-07,TSOBG8252P
7,Kamala Sagar,1986-07-16,AXFHQ2509I
8,Arjun Venkatesh,1962-10-13,KGBEI0113R
9,Amrita Ray,1939-02-08,ZOAZH0797D
10,Aachal Ramanathan,1957-01-16,IRHVF2306L
11,Yahvi Barad,1947-08-14,YYXVC4069J
12,Gagan Bora,1986-04-08,NFMBZ6529X
13,Ikbal Raj,1989-02-11,XXYOH0595X
14,Krishna Choudhury,1950-12-04,HHASE6661Y
15,Jeremiah Toor,1976-08-11,HGFMS9608M
16,Matthew Kar,1975-09-19,FOBBU2608C
17,Warinder Murty,1968-09-12,ZFTOR1415Z
18,Wishi Bains,1952-11-24,RXUDY8785U
19,Yashawini Munshi,1959-01-25,PQNLA6327W
20,Anirudh Suresh,1994-11-07,ZIWWL6705Q
21,Neel Toor,1936-09-14,OVVGN4594R
22,Anthony Nazareth,1987-08-10,QEAPA1867D
23,Widisha Sem,1954-04-13,LZJPO4460G
24,Anvi Buch,1971-11-29,PMWHO4210N
25,Aahana Kadakia,1953-02-23,ZBLEZ8908M
26,Hritik Atwal,1943-01-29,GFHHJ0278W
27,Indira Dube,1960-08-11,HLGSB6180E
28,Chatresh Cheema,2000-03-24,MCOFN6641F
29,Lila Chander,1964-11-10,BYPEP7924D
30,Tristan Bhakta,1974-08-19,XXNVN3645H
31,Chakradev Kannan,1958-07-26,WNCOD3694E
32,Zinal Sharaf,1983-08-02,SVTLR9979Z
33,Devika Keer,1942-06-17,WICRO3336O
34,Tejas Samra,2006-06-03,PWWBZ0164D
35,Rajata Johal,2001-05-16,XVMXF0596S
36,Harsh Apte,1944-04-04,QZLFB2546B
37,Gabriel Vyas,1971-12-28,BIKPI7398R
38,Ishaan Chand,1966-06-03,OVYWJ1251R
39,Reyansh Palla,1979-03-14,OSNDP8538J
40,Manbir Grewal,1943-08-18,MKVXG2891Q
41,Zehaan Bhat,1944-08-06,IBMFX3229H
42,Mugdha Shanker,1970-02-27,MQEZP2036F
43,Ikshita Nagar,1943-06-01,EMWCG2978X
44,Chatura Kothari,1998-11-09,GCABJ1999S
45,Gabriel Gola,1994-11-07,XXFRT0613V
46,Mitali Saxena,1950-02-13,YUHSQ0305B
47,Ekantika Varma,1935-03-14,QDWWL5328H
48,Faras Solanki,1999-05-19,TJWMI4061O
49,Luke Sood,1964-08-29,AAIHO2886T
50,Forum Prakash,2002-07-14,SGVLB2733I
51,Anmol Nair,1987-11-03,HKEJH6352A
52,Chavvi Dutta,1959-06-25,TFKCI9703F
53,Jeremiah Dugal,1954-01-25,RKSLE4864Q
54,Keya Apte,1952-01-17,RXEAP5082I
55,Unnati Bose,1954-06-25,JAGCK3329K
56,Yug Butala,1966-09-09,DGXFD7268I
57,Raagini Minhas,1989-04-23,YYDOI0482I
58,Varsha Dua,1955-03-02,RIAPB3128B
59,Nilima Ratta,2001-05-08,NWPBK4706Z
60,Anirudh Oza,1991-08-10,BARKM2078O
61,Bina Kata,1973-08-22,LCFTK4033T
62,Yagnesh Bala,1939-08-26,SGBKY5868X
63,Tanish Jayaraman,1967-07-09,VFKHO3404G
64,Zilmil Sarma,1993-02-22,TQSJF0903K
65,Chandresh Karnik,2000-07-25,KQBQX7514Q
66,Karan Purohit,1986-06-06,ZYCTR1776K
67,Suhani Bajaj,2004-05-03,NXJKE3831P
68,Tanvi Patla,1993-08-13,PRLVN6929B
69,Aadi Purohit,1947-11-15,NHCUL3573Z
70,Lila Garde,1943-04-19,GYWWQ0962Z
71,Amruta Mani,1934-12-29,TJPKJ2653B
72,Devika Khosla,1960-10-05,IOBRE8662C
73,Imaran Bassi,1951-09-07,HISRW5365Q
74,Samuel Raju,1945-01-23,NLMHM4212Z
75,Sara Shanker,1941-03-08,ALCSZ9520D
76,Keya Bhalla,1984-10-06,WOUVT6351D
77,Rehaan D’Alia,1985-05-21,CXFQB2548D
78,Nilima Behl,1958-12-24,XHSAT6666E
79,Vrinda Ray,1985-08-13,MTVJQ6500A
80,Vasatika Bhavsar,2000-08-17,ICDGU1485R
81,Ojasvi Shan,1935-09-27,JGCGC1998S
82,Qushi Saini,1995-07-13,ZBXMV8740O
83,Timothy Borra,1997-04-23,FZHHM1693A
84,Karan Sampath,1942-09-21,AWAIZ9484F
85,Yashvi Mahajan,1946-07-27,YFDFG8447H
86,Lohit Nazareth,1965-10-01,PFQUE6361E
87,Mohini Halder,1997-02-22,HTZFZ0755H
88,Zaitra Upadhyay,1965-11-17,ZEPVB4368F
89,Yash Mane,1958-11-08,XMKNF7901E
90,Patrick Ravel,2001-07-10,NWVSJ6202C
91,Nathaniel Batra,1994-09-06,ICIGN5436J
92,Oeshi Dhingra,1987-01-21,JQNRW4543F
93,Victor Aggarwal,1988-03-23,FCRQN6003O
94,Henry Sethi,1987-07-24,OLPKU5854G
95,Bhavini Oommen,1966-04-03,UCINA1647H
96,Veda Shere,1972-11-22,VRDPS9313W
97,Neha Kunda,1964-07-12,YHRDA5805K
98,Aarush Baral,1957-06-09,NGBAV4763U
99,Vincent Saini,1941-12-23,SVNQW5487O
100,Nimrat Johal,1936-07-27,NVTNG1808P
101,Manthan Chakraborty,1953-11-14,QTELT3115G
102,Nimrat Sethi,1998-01-09,SFBVT7538U
103,Viraj Dara,1993-04-17,GZKCW1436Z
104,Qasim Mitter,1995-02-19,DLGKO9354C
105,Devika Ramanathan,1995-11-15,MQHPP8324J
106,Yochana Kibe,1976-05-01,RDEEH2935G
107,Gaurang Dash,1952-03-26,SQQEV0488B
108,Sneha Jha,1986-03-18,QBZXN3038R
109,Lila Sarkar,1999-12-07,XFAVC9754Q
110,Riya Rau,1935-08-15,WLSTL9575I
111,Faras Chana,1942-03-25,NGVJA4427W
112,Yahvi Balay,1944-10-19,DVZKI2765W
113,Faris Kapoor,1984-10-04,SEEIJ5478O
114,Ronith Khare,1945-02-11,MBKZV2994B
115,Bachittar Contractor,1999-08-27,CDYCT4164Y
116,Suhani Srinivasan,1999-05-05,WXAUO7807E
117,Mekhala Som,1960-02-14,HIDHM7954C
118,Omisha Ghose,1950-02-26,GBWSO2737Z
119,Om Vig,1972-03-28,GYJPS0547T
120,Agastya Misra,2004-08-26,QEYLX4934G
121,Ekta Parmar,1977-10-16,FCYDW0619F
122,Siya Deol,2001-04-07,NHXPF3578H
123,Yashodhara Comar,1966-11-19,REIYH8278O
124,Vrishti Kala,1978-02-05,LGPHF6831T
125,Sathvik Bora,1967-10-29,QIBUL0967I
126,Charita Peri,1963-07-10,DYENV7166J
127,Yochana Sen,1939-08-04,QDHSS6389T
128,Bimala Bhargava,1984-07-24,XSFXW9404S
129,Amrita Dixit,1961-06-26,WBYGM7335W
130,Udyati Narasimhan,1993-04-08,QHYHO4559K
131,Pahal Raman,1976-11-22,OAJTN6399P
132,Aadhya Desai,1977-04-15,GNRUQ1225I
133,Samarth Khanna,1956-02-20,WQBDE7156H
134,Yashica Padmanabhan,1938-05-24,QPFNS5081X
135,Gautam Kanda,1987-01-19,OGDEI2491L
136,Frederick Dora,1979-06-24,NYIOJ7840T
137,Hiral Atwal,2003-04-07,MKAKK0899J
138,Advay Prakash,1985-08-25,YDDDY6416G
139,Januja Gupta,1943-06-23,RBBKN9064D
140,Harinakshi Srinivas,1994-04-16,QQNTF5515S
141,Januja Mannan,1937-07-27,RDHZJ4178S
142,Aayush Shan,1954-04-22,YKLJG8275Z
143,Maanav Kala,1961-01-17,GRCYP1680E
144,Indrajit Bose,1934-11-15,IBILM6897U
145,Bimala Maharaj,1959-06-01,PBTAG1031P
146,Ishaan Gokhale,1979-01-17,FXBYK1008C
147,Ekavir Bumb,1935-06-07,XQKPH2958G
148,Zaitra Narain,1950-09-11,DBTCL1415B
149,Chasmum De,1943-07-15,SCSEQ3421X
150,Christopher Dixit,2003-06-09,LTFMW0794U
151,Chatresh Sood,1976-04-06,PNPLX4310T
152,Abhimanyu Nadig,1957-01-09,UYBMQ2907E
153,Ayush Das,1973-11-25,QAFYR2071R
154,Brinda Sharaf,2004-09-16,NHGWX1001O
155,Nilima Venkataraman,1946-07-30,YMYLX1411Y
156,Janaki Nayar,1951-06-18,WUBGK8720X
157,Oliver Patla,1990-01-10,MGDVW5730P
158,Pahal Rout,1951-12-05,YXPTQ0139U
159,Frederick Thaman,1942-12-24,IGRMJ5623V
160,Vidhi Chahal,1989-10-18,EHXZD9074V
161,Urmi Date,1937-01-04,PRSAU5003B
162,Jatin Shenoy,1993-10-08,KMLXK1051M
163,Vyanjana Jha,1953-09-22,LUPXL0604E
164,Wriddhish Mammen,1960-11-10,NESJG1523X
165,Umang Menon,1948-12-31,POMSJ7980Z
166,Qadim Ramachandran,1959-01-19,FOQUA4902J
167,Prisha Bora,1960-11-06,TZHIL4043Q
168,Vihaan Nath,1963-03-28,ZPITW6896U
169,Anya Uppal,1934-09-27,TDFUJ8791X
170,Madhav Krishnan,1959-11-07,THNPH3014B
171,Vamakshi Sampath,1953-05-17,HXLTK1927X
172,Wridesh Raman,1996-02-22,QZOHO9706J
173,Timothy Puri,1963-02-10,IJRBT9034T
174,Banjeet Krishna,2000-03-30,GQAIP9886K
175,Bhavna Mannan,1962-05-09,EIYPX0439L
176,Kashish Nadig,1950-01-27,UMRPY3852D
177,Prisha Anand,1951-01-19,XFAVA5779Q
178,Dev Bava,2001-03-13,MJZVD4961G
179,Banjeet Dasgupta,1944-03-30,AIJDM5781R
180,Shivani Karan,1952-01-14,ANAOG7903L
181,Imaran Hans,1994-04-07,MZNGZ1950Y
182,Tanay Shukla,1936-10-07,EXUOB4463K
183,Zarna Ramachandran,1999-06-25,VTFLR1134W
184,Varenya Baria,1941-05-04,RDBOD0373Y
185,Yachana Prabhakar,1972-02-20,YYWSQ6992D
186,George Tank,1984-09-09,HOWCN3495G
187,Ansh Acharya,1945-09-07,JYWBC4886E
188,Falguni Dugar,1970-09-28,DOWIV2245U
189,Yauvani Krishna,1959-06-26,TITBT4532U
190,Gagan Goyal,1972-09-10,HZROA6487I
191,Raksha Kakar,1975-05-18,FYWZO4979J
192,Theodore Virk,1998-12-09,NWUKD2202Y
193,Farhan Banerjee,1987-07-27,YGJXH6218A
194,Gaurav Comar,1999-02-25,YAWXV2855V
195,Chakrika Shukla,1992-12-24,CYZGC8694N
196,Hitesh Yadav,1985-07-16,SIWZU6237P
197,Vivaan Golla,2000-06-03,YZIFC5471Z
198,Praneel Shankar,1941-03-27,GFZRZ8414R
199,Zinal Mahajan,1936-10-11,EBYVQ5913G
200,Januja Balasubramanian,1986-08-04,XGOTK2753X
201,Ekani Balan,1980-07-31,BOHLL8787C
202,Mahika Lanka,1999-04-26,NEFIK0412H
203,George Ravel,1986-09-15,ELVRV4681H
204,Samesh Saran,1956-04-27,NTQJW2637X
205,Aadi Iyer,2002-03-11,VUQWY6704Y
206,Logan Chhabra,1972-05-22,WTJRK1870Y
207,Wishi Minhas,1996-08-06,BDGWP6525X
208,Wazir Kala,1988-05-27,RKDOT9466S
209,Falan Suresh,1969-08-14,ABWEO8660W
210,Ucchal Chakraborty,1950-11-09,YKPQH5229I
211,Siddharth Narain,1964-11-19,XRTFV2251X
212,Ridhi Ratti,1983-02-03,KUDEL7507L
213,Vrishti Rajagopalan,1936-03-15,QGSDJ9478A
214,Anay Rattan,2007-07-29,LLYUG7883K
215,Mekhala Aurora,1975-07-01,OWPLJ6104W
216,Zaitra Nayar,1999-10-25,UGIQP8540H
217,Vaishnavi Gandhi,1986-01-24,VNCKO1773Z
218,Damini Virk,1992-10-10,CEJPO1889H
219,Bhavna Dhar,1970-05-19,IYGPS1120K
220,Triveni Mital,1957-03-12,AMMZZ8657D
221,Ryan Sharaf,1965-10-19,DLMSH5838T
222,Vritti Jain,1959-02-15,PAGWR4309O
223,Tamanna Bobal,1970-08-04,AEOTA4251N
224,Qarin Swaminathan,2003-06-16,LOSTV8742V
225,Naveen Borra,1986-04-27,QQVRW8389H
226,Kashish Pall,1947-04-08,XLEPJ2176G
227,Frado Lal,1936-11-13,VOQPG1550I
228,Wahab Magar,1985-09-03,FHLRR2689X
229,Christopher Bava,1981-06-22,ITPWX5778O
230,Bhavya Karnik,1970-10-16,JOQQQ8058K
231,Timothy Agate,1990-12-24,GNYPK2523O
232,Vedhika Sidhu,1996-07-05,URWVW2711Q
233,Dalbir Koshy,1979-03-04,OETFB7161V
234,Tanmayi Iyer,1938-10-25,UAJLF3341K
235,Siddharth Talwar,1934-09-13,BBSBL5401K
236,Brijesh Mitra,1960-01-16,WSKGD9285V
237,Yutika Lata,1958-09-28,ITTEF2876L
238,Bakhshi Warrior,1996-09-02,OHSQQ0671G
239,Janya Bhagat,1972-03-19,OASWS6297F
240,Chaman Som,1978-09-08,YKPGR2590N
241,Hemangini Tata,1952-09-05,YFOZF8186B
242,Abhimanyu Sidhu,1986-04-01,IWJHL5541D
243,Divya Magar,1991-10-07,NHOPJ3833R
244,Mekhala Nanda,1942-11-14,XDLJK3643K
245,Chaitanya Kaur,1958-04-08,RVWXU8917V
246,Nidhi Taneja,1970-08-25,TEWHY3228Q
247,Qarin Choudhary,1967-04-30,TMFFK9113L
248,Hemal Swaminathan,2006-03-25,LXTTE6046M
249,Januja Chaudry,1960-03-19,NXLOY9098Q
250,Omya Bhatia,1954-08-12,SMAMB5177X
251,Dayita Mital,1936-03-16,CZTFZ8495J
252,Harinakshi Chandra,1937-08-12,SSRCT2794Q
253,Om Kala,1978-06-12,KDNHV5129G
254,Damyanti Kaul,2004-06-13,BOLQJ5885A
255,Warjas Jhaveri,1946-01-25,ZWILF2590S
256,Waida Sodhi,1967-04-01,OKGQC9144P
257,Aadi Dada,1954-05-24,ZKMEF1505Q
258,Yatin Kashyap,1947-01-06,YTFZY6332E
259,Manthan Sharma,1968-03-22,QYXTH9405F
260,Yatan Arya,1952-03-24,HZQFI1361X
261,Panini Kara,1967-05-14,KRYFI1865J
262,Manya Aggarwal,1962-02-04,GFIPG2711F
263,Aarna Gopal,1991-05-14,MWYWW6125R
264,Megha Halder,1971-03-03,JTFET0316S
265,Azad Seth,1988-02-25,ZQFAD9991R
266,Madhavi Walla,1963-12-24,RXVMH4201G
267,Akshay Mukherjee,1984-12-14,QBRJZ3636Z
268,Eiravati Pandey,1993-01-19,THGLI5044K
269,Wishi Mital,1991-01-18,XETSE9026V
270,Umang Date,1986-09-30,JOIJM6545T
271,Veer Chaudhry,1971-12-31,POKYF1047Q
272,Falan Subramaniam,1940-03-26,DCKIK8651Y
273,Simon Kota,1955-03-07,HRKCE8862E
274,George Sangha,1994-04-08,NTWML5025V
275,Ladli Ramanathan,1940-02-07,WEPJQ4677F
276,Hema Brahmbhatt,1997-08-24,MUOWP6790Y
277,Kalpit Dada,1969-01-15,JXNJX6154O
278,Nathan Bali,1996-10-26,ZLFFJ5460F
279,Parth Pal,1972-12-04,VYQPI4692J
280,Ishanvi Kalla,1979-01-13,PXEZA0420L
281,Umang Gour,1992-04-15,KFTQC1016N
282,Atharv Mukhopadhyay,1982-06-20,RZISJ4590N
283,Yashvi Virk,1962-12-14,UHNPR5534U
284,Zaid Chandran,1942-07-09,TDPIY1065M
285,Amol Sidhu,1983-11-26,USTXR0086D
286,Abeer Varkey,1974-04-15,GCBEW1333S
287,Gautami Brar,1971-08-02,FZGWL1927R
288,Janani Shah,1980-12-16,URPPU3354J
289,Mekhala Prashad,1961-04-20,EVYGZ1191H
290,Peter Gera,1947-01-03,XHKEW4034E
291,Zashil Gara,1998-08-16,HNCHW1513P
292,Hamsini Sura,1966-12-17,ATGLC9580E
293,Mohini Menon,1976-10-24,QLGZM1393Q
294,Harini Borde,2002-03-16,MRXRH0460J
295,Faqid Mitter,1980-09-15,AOEZT2738P
296,Tripti Murty,1956-02-25,SQBUQ8319P
297,Elijah Saraf,1943-07-25,KQPIP1683D
298,Nisha Patil,1944-12-06,HYBHQ5885F
299,Ranbir Rege,1936-03-14,CONBN5540Z
300,Sarthak Kalla,1941-03-23,AVDIM0974V
301,Yashvi Grover,1996-02-08,PJOCV8931O
302,Daksh Cheema,1971-01-16,DPSML1110S
303,Daniel Sangha,1986-06-10,EENYV8393L
304,Vaishnavi Thakur,1975-07-21,UYOWS6450E
305,Abeer Dar,1965-01-06,ZQWWX6365R
306,Kritika Morar,1989-07-15,JXDRR5851O
307,Vihaan Murty,1954-05-09,PNZOP7815L
308,Zehaan Sandal,1958-03-10,EZWUY9509W
309,Ekanta Palla,1944-06-08,QRXCM1917V
310,Daksh Pandya,1958-10-26,NCNHN0401M
311,Indrajit Goda,1977-06-27,YOGMS4397W
312,Naksh Dhaliwal,1970-03-04,BAYUX5322T
313,Ekanta Tiwari,1969-05-16,KUQBY1917S
314,Girik Sant,2000-04-02,FGFDY9444O
315,Chasmum Sahota,1996-01-29,VUOSL7237I
316,Zehaan Palla,1998-08-02,TOHWJ2085W
317,Akshay Desai,1938-08-07,VKNXN1001Y
318,Keya Mody,1998-09-20,XRKGV0610L
319,Oeshi Khatri,1944-08-16,IAQSJ0099E
320,Ubika Walia,1995-11-16,IODBP0837D
321,Anay Jain,1949-07-02,KTSPI6397K
322,Damyanti Choudhury,1969-03-20,OOXSV3046W
323,Ayaan Kalita,1950-11-02,JPLUH0516N
324,Watika Banik,1952-11-26,SLPTH0623M
325,Kamya Morar,1994-01-05,DYPYK5070G
326,Wyatt Balay,1978-01-20,DFMYE8446S
327,Vidhi Nagi,1947-06-11,BCZKT8562V
328,Lohit Agarwal,1948-06-28,QTDWW7710H
329,Vihaan Sibal,1963-08-19,FZXXW9698H
330,Anmol Keer,1967-11-16,EKHAQ6227G
331,Mohammed Kaur,1995-06-20,NTIPW6782Q
332,Hamsini Arora,1943-04-23,JXXEW3271D
333,Abhimanyu Samra,1943-08-26,PFALP5066D
334,Ishwar Lanka,1976-06-17,VNWET3445G
335,Leela Goda,1987-03-24,PZQVW4654L
336,Eshana Date,1994-04-01,VRCXS9230E
337,Onveer Dhar,1966-11-14,JEUAX0047I
338,Vivaan Sha,1983-01-26,GGODO9115E
339,Lajita Narasimhan,1942-09-17,GQWJU9140Q
340,Neha Chakraborty,1986-08-27,DNXQN2221T
341,Anvi Boase,2004-02-15,RXNQM3135J
342,Rayaan Gopal,1956-12-19,FDOPU2781C
343,Nakul Nigam,1947-10-30,SLTNT1292C
344,Falguni Ahuja,1963-02-15,HCXOX0760L
345,Yachana Guha,1971-08-30,ZGKUZ5870P
346,Ladli Pai,1993-09-15,OORRF9155F
347,Charan Bhatnagar,1980-04-02,CVFQU8842X
348,Sara Nagar,1989-07-17,XSSWL3593A
349,Lipika Varty,2006-04-29,KUEOF8622T
350,Vrishti Walla,1945-02-13,KKTEM6045V
351,Samarth Randhawa,1962-12-29,VCHTU6200R
352,Rayaan Ramesh,1968-03-03,UCAOJ1507I
353,Isaac Chowdhury,1985-07-31,HYZZQ5475X
354,Qadim Sha,1992-09-28,CQIOY1980C
355,Ikbal Ravi,1944-02-21,SIJEI8912F
356,Warjas Ganesh,1969-10-14,BQTTN1781F
357,Triya Keer,1976-03-10,TIJMY7523N
358,Damyanti Chaudhari,2007-04-29,QXDLB4322T
359,Krisha Bansal,1970-05-02,VKOSU5025A
360,Oeshi Chadha,1957-12-11,BQHFM2492W
361,Oni Chaudhuri,1944-03-08,JREPH5625N
362,Girish Buch,1999-09-05,SDTBR8541E
363,Aahana Kamdar,1936-09-23,UNIJO3024H
364,Amruta Gaba,1995-12-27,EWOPU8405N
365,Bhavna Ramakrishnan,1986-10-04,QENXM9175I
366,Ekta Setty,1942-03-21,VRSNO0645N
367,Isaiah Batra,1948-02-14,OVXNV7968R
368,Charita Sarraf,1996-02-08,HAUII6524W
369,Ishanvi Parmer,1986-06-07,HKHSG0693A
370,Irya Batta,2004-01-01,KNUYP6905T
371,Pallavi Kapoor,1962-05-01,CKSFJ5662R
372,Gavin Nayak,1975-09-14,NFPHT2558W
373,Aditya Ghose,1947-05-17,VAUJV4470D
374,Rachita Dhingra,1995-01-03,RXLVA0686X
375,Fitan Radhakrishnan,1955-01-04,XGEQV7960P
376,Tanmayi Magar,1981-04-06,WXJNB1501A
377,Hemangini Salvi,1948-12-06,HQOFY2002K
378,Oeshi Bassi,1977-05-20,KUBGA0210L
379,Unni Baral,1959-02-21,UFVNY7071G
380,Qadim Sane,1979-12-05,ZYPQA7661U
381,Onkar Prashad,1969-01-24,AFSAR2991A
382,Ishaan Rege,1949-08-11,SIJUI5189I
383,Unnati Sastry,1966-01-01,NQNCK4198M
384,Girish Khalsa,1997-06-10,EUERM7883K
385,Aarush Brar,1956-11-12,TPBHW5626O
386,Lohit Mann,1946-11-17,TPHXG9591X
387,Ishwar Mani,1944-06-15,TUBNL5033P
388,Mekhala Dhar,1982-09-12,BVPDP5555L
389,Balveer Kapadia,1949-08-02,RGRBO3155L
390,Tarak Subramaniam,1951-07-14,SBWLL9248M
391,Ekansh Kale,2000-04-05,FZBRA2974W
392,Tanvi Raval,1949-10-24,FORPI2379I
393,Tejas Batra,1972-09-07,LVGBA0677O
394,Lakshit Viswanathan,1979-02-27,TCZGE7639W
395,Naveen Char,1939-12-08,DQLQM9992H
396,Forum Uppal,1967-05-28,XKUQX4307O
397,Matthew Nayak,1950-03-03,DIJBJ9819T
398,Mekhala Savant,1986-11-24,KQEKD9113H
399,Ikbal Arora,1995-04-08,ZAALZ4226O
400,Yashodhara Nadig,1962-07-08,VHROP2274K
401,Yashodhara Ratta,2000-05-01,DFWVQ9905M
402,Zashil Thakkar,1981-09-26,SRNWF6717V
403,Isaiah Chowdhury,1940-01-30,MRJJV7525K
404,Nikita Bansal,1935-05-14,VXPZD1318G
405,Darpan Shere,1948-09-02,JBBEF6359A
406,Jasmit Sarin,1935-10-19,UPNUV2301D
407,Gautam Nath,1966-04-05,EEJMC9786H
408,Yahvi Balakrishnan,1994-10-04,EPFDM2255K
409,Andrew Pal,1977-10-03,AWLNS2944K
410,Avni Sankar,1963-02-05,KSVNI0914H
411,Jhalak Seshadri,1986-08-23,VWAOD9935Q
412,Fiyaz Dewan,1941-10-17,QTSTH7558U
413,Barkha Dar,1960-04-16,ONABU9349T
414,Gopal Gour,1957-01-24,VEXWU1536Q
415,Dayamai Virk,1988-06-27,MUDXF8668K
416,Banjeet Khalsa,1992-11-08,MUJND2628H
417,Hiral Dhar,1989-08-05,XILAS3788S
418,Ikshita Garg,1945-10-24,NCDRT7374O
419,Ojas Kurian,2004-08-12,CIDRY1058S
420,Sarthak Khare,1998-08-15,HJIWP3621T
421,Anirudh Nadig,1990-09-26,PROPM2406Q
422,Kamya Pal,1961-04-11,ZZEWD8839N
423,Anvi Hora,1976-03-11,SUIPU3159Y
424,Ucchal Sule,1967-11-02,PDLDG8891B
425,Shivani Dayal,2007-06-26,LCKVS1582S
426,Megha Sant,1957-04-09,BWBUU8101R
427,Manya Garde,2000-10-07,UNOWX9071J
428,Jacob Swaminathan,1974-01-26,LILEL2303M
429,Yasti Comar,1993-09-27,PBRJN2105K
430,Jhalak Kota,1967-09-18,GWLLU8528S
431,Warinder Mody,1977-12-12,CINQG9909E
432,Jai Dewan,1958-01-09,HPYKG8789Z
433,Harshil Khalsa,1984-11-22,KIONU1651N
434,Banjeet Kar,1989-12-17,KQUSR0376K
435,Ekavir Kakar,1984-09-02,VXIHY8715H
436,Matthew Viswanathan,1969-08-24,RICJR3822H
437,Aachal Goda,1945-06-10,OSCGD5093O
438,Rehaan Lanka,1943-03-07,WYHIA4737T
439,Krishna Dara,1963-12-15,WQOIO4392L
440,Wahab Zacharia,1964-05-24,BCSUQ8309F
441,Raagini Lad,1983-08-24,WZPMS3448O
442,Isaac Chakrabarti,1963-07-27,BXTXA7716C
443,Falak Dash,1984-07-03,WWUKN3216D
444,Ethan Wali,1940-08-30,NZLSC7789H
445,Harrison Chad,1966-05-27,HNFGV5637T
446,Lopa Gade,1969-01-10,BUNLB9026Q
447,Balveer Kaur,1997-04-09,OSJLS9557S
448,Kabir Pandya,1949-02-06,FHONW4165Z
449,Divya Buch,1952-04-05,WNZKP9406L
450,Ethan Bhatt,1944-10-12,KFIRR9437R
451,Jasmit Narasimhan,1978-02-24,GTOES5759P
452,Anya Chaudhuri,1972-05-26,GKDLX0980P
453,Jasmit Pau,1938-06-20,GPCTB2826O
454,Aahana Palla,1957-01-21,TCQFS6686C
455,Siya Karan,1956-03-28,XNFZW0288C
456,Ladli Jani,1944-09-02,IMNUI4923Y
457,Sara Bali,1970-12-04,PQLZS8602P
458,Xavier Korpal,1982-05-25,MAVVJ6855T
459,Jacob Chander,1951-05-22,DIPYK5715L
460,Jagvi Iyer,1954-08-13,URQVJ9013H
461,Balendra Tiwari,1960-02-11,CGBGH0459Z
462,Karan D’Alia,2003-08-28,FNNVS3076K
463,Abdul Issac,1968-07-24,PFHWQ1269K
464,Kamya Choudhry,1946-10-04,MAOTL6696Q
465,Vihaan Kibe,1988-11-20,LXCMY5146K
466,Udant Rajagopal,2006-07-14,EEQWC7843E
467,Anay Bora,1961-12-10,FJPKR4706D
468,Tamanna Nagarajan,1994-08-23,BTQCN9694W
469,Upma Roy,2004-08-15,KQNLO6680N
470,Wazir Bhalla,1966-12-18,UKCDM8590Z
471,Jeet Rana,1935-07-20,GFMNC3815S
472,Warda Gopal,1982-04-29,VNRCZ9080V
473,Tanveer Verma,1951-12-01,CCNMT8605Q
474,Mason Sandhu,1946-02-03,YNGJO5939Q
475,Matthew Rattan,1969-02-18,PFABX1871O
476,Lila Taneja,1959-09-15,TTCEZ1980G
477,Baghyawati Datta,1993-10-09,GKXUI7351C
478,Zaid Iyengar,1981-01-22,TDBPP4570A
479,Upadhriti Guha,1979-12-05,SCTSV3076G
480,Anvi Chatterjee,1965-03-25,NBFOO6161V
481,Yahvi Kashyap,1993-07-25,JOSKN3107G
482,Lopa Sridhar,1977-05-02,YCYQA3823A
483,Ladli Soman,1969-12-17,NOSNF9258V
484,Lila Mani,1974-07-02,WYSDM9979B
485,Wahab Karan,1955-01-19,TJYQN5269S
486,Ekani Mukherjee,1938-09-02,DOFVT7908E
487,Ria Padmanabhan,1974-12-24,VFUCP0094G
488,Bachittar Deol,2002-10-25,ZFJGG7104K
489,Ijaya Brar,1972-10-05,FYUPP6449W
490,Xiti Ramakrishnan,1955-09-27,FPMHW4376B
491,Vansha Anand,1985-10-09,YZPFP5161B
492,Anita Thaker,1939-09-20,MKHEG1421V
493,Gagan Raghavan,1972-09-10,ZJXHB2087B
494,Om Srinivasan,1994-01-02,EGFWO9375F
495,Jason Borah,2005-02-17,ODOAN8816G
496,Indrajit Varma,1978-03-19,NVQVG4775Y
497,Indali Pingle,1944-08-13,VTYJO1991R
498,Ucchal Sankaran,1981-09-27,JKKYI1129X
499,Chatura Narain,2002-12-02,GXTTH5448Q
500,Jonathan Parikh,1984-10-28,WUKQE6309R
501,Aarav Sant,1943-07-22,ICRON4885K
502,Ekiya Rau,2003-03-18,LPWUU5953F
503,Tanay Bala,1991-06-30,HCNOQ0594X
504,Chaman Badal,1976-12-21,ERRGR2959R
505,Aditya Saran,1987-12-06,UCUZC9678Z
506,Omya Anand,1964-12-16,ZALBO5733R
507,Balhaar Rana,1948-03-06,VKKAH9748J
508,Kevin Palla,1992-10-26,GFEPF6433A
509,Pahal Parekh,1937-02-28,TFKBP5029Y
510,Gavin Kapur,1974-03-07,VVSDJ9655Q
511,Veer Dhingra,1956-04-10,HERJC7236H
512,Kai Sankar,1972-03-27,DJZNP4568K
513,Jason Agate,1976-12-15,EVYIA8110K
514,Chasmum Bhatia,1973-06-01,YCOKG5372C
515,Chakradhar Datta,2004-05-27,WXVUK7825M
516,Nicholas Som,1945-01-26,KPKGV3876N
517,Indali Om,1936-05-18,GSIME9863R
518,Balhaar Ratta,1968-04-13,EESOO1086L
519,Hitesh Ahuja,1949-02-22,IBQDH0159N
520,Bhavya Subramanian,2004-10-06,XVYTQ8054U
521,Nimrat Dhaliwal,2005-03-05,XCYQN7283F
522,Atharv Mangat,1988-06-05,XTPIN2308M
523,Janani Prabhu,1937-10-04,JHYWG9386N
524,Ria Tailor,1998-10-25,DTOMJ8095R
525,Jonathan Buch,1947-04-02,GIUGG7059M
526,Alexander Pau,1941-11-19,AKXUQ9309U
527,Champak Dora,1978-04-11,SRNLC7379P
528,Dakshesh Balay,1980-08-17,ANXMJ5203D
529,Zansi Murthy,1990-06-23,TRUDY4260R
530,Bhavini Behl,1941-05-04,LDTWS6109S
531,Maya Raja,1946-07-23,CVZGP3091S
532,Logan Prasad,1992-08-07,PCIQM1371C
533,Sachi Lal,1942-04-04,BDSCZ3760A
534,Kiaan Dixit,1990-07-29,PQNIZ8795N
535,Osha Palla,1998-02-06,YKQGR2102H
536,Indali Swamy,1949-12-29,QQPXO5628X
537,Kamya Prakash,1941-06-15,TQNIS8165P
538,Ranbir Chad,1964-02-14,VPBAM9910G
539,Pahal Mitra,2003-02-25,OQTZH7600O
540,Zayan Borah,1948-11-01,PAUEH9345A
541,William Rastogi,1992-03-01,AJALP7307D
542,Balendra Uppal,1990-11-18,CVRRU7365C
543,Bina Ganesh,1938-07-03,KHNRD2613B
544,Qabil Sarma,1993-08-11,WEPRQ4631Y
545,Aarini Walia,1959-02-10,GYWVJ5998R
546,Balvan Srinivasan,1962-06-05,SITCF2954Q
547,Ganga Brahmbhatt,1970-03-22,RSELU0212L
548,Lohit Jain,1936-08-11,DNPBM1747R
549,Girik Keer,1940-02-18,MNJNB8300V
550,Triya Kurian,1988-10-20,CEWWW7783U
551,William Raghavan,1979-06-19,OUVEZ0606G
552,Anthony Lanka,1978-02-17,ZPOVI0396F
553,Meghana Badami,2007-05-26,VFBVN3069U
554,Alka Tank,1977-02-13,TQNIX0005K
555,Aadhya Ramachandran,1954-06-06,VAQIX4315D
556,Peter Tandon,1954-05-21,STMZG2833V
557,Ekani Krishnan,1942-04-13,UKCIR6343W
558,Arunima Seshadri,1964-02-09,RVBGD2348B
559,Omisha Badami,1947-06-22,HYTAF3324U
560,Jyoti Bajaj,1985-01-18,NWCPM4626B
561,Qasim Sarna,1936-09-07,UUKET1776C
562,Gunbir Bajaj,1962-05-10,AHFQI2044E
563,Omya Venkataraman,1975-04-10,RTYGX9078Y
564,Aryan Pillay,1983-11-18,LSBEN1392N
565,Lajita Butala,2000-01-18,UIBOO5096P
566,Nachiket Babu,1978-04-06,JBYNK0304W
567,Irya Sampath,1980-11-13,TXGFV6261A
568,Niharika Soni,1977-02-15,HDVQK3900U
569,Janani Wadhwa,1988-01-26,EPBKI5450Z
570,Bachittar Shah,1988-11-07,OZDIU7643D
571,Faris Halder,1980-06-13,WJOBR4781W
572,Gopal Kumar,1968-11-11,YKOSN7567K
573,Arjun Gopal,2003-03-16,RCUIV7772Y
574,Omkaar Mody,1991-09-03,MQKXU3350W
575,Neha Narasimhan,1975-11-23,FJWCE2158K
576,Mitali Choudhry,1954-07-10,JCECL7671Z
577,Vamakshi Rastogi,1960-03-29,CCZYU2330Q
578,Triya Yogi,1978-02-05,BTHBZ3718U
579,Faqid Dhar,1946-01-31,HBTIB6492U
580,Siddharth Jha,1970-01-10,LWVGN6299I
581,Upasna Grover,1986-12-10,XVJMH7633J
582,Fitan Mammen,1938-07-12,TYJIH4138D
583,Bina Patla,1941-05-02,FKMGL2304S
584,Lipika Karnik,1961-11-27,WMHFE0876V
585,Sudiksha Bir,2002-09-24,SWOCD9056M
586,Yashica Nagarajan,1939-05-28,PSIUV6483A
587,Anmol Sarkar,1980-04-12,QNBRR4278A
588,Damyanti Yohannan,1978-04-18,RNQDJ8570E
589,Jeevika Buch,1980-03-08,HUDUR9678H
590,Sanaya Chatterjee,1943-03-16,KXLCY7053I
591,Bahadurjit Rattan,1948-04-06,QIYMF3162M
592,Benjamin Mistry,2001-11-13,OGGDI4396H
593,Vasana Tank,1954-06-03,CRHVX9406C
594,Janya Gour,1999-12-03,QQYVK3514S
595,Ranbir Khalsa,1966-07-30,BUPWI8624D
596,Tristan Babu,1962-04-16,KKAKY0987M
597,Reyansh Bassi,1958-02-08,FQXNE6168U
598,Qadim Deshmukh,1962-07-14,XCPQP9700P
599,Jonathan Ramachandran,1984-11-17,WSHEI4293S
600,Kamala Bcuh,1957-05-03,BVFXM7065D
601,Mahdav Mane,1950-06-21,RVCGJ8893C
602,Hemla Sachdeva,1947-04-29,RABBA0908J
603,Daskh Choudhry,2001-02-28,AJCRC8291R
604,Gauarv Kota,1989-02-24,UFGEE8814C
605,Ekain Garg,1951-10-17,GQSIA5691H
606,Divy aChakraborty,2006-07-08,FRQUP0330V
607,Vaisnhavi Jaggi,2000-05-08,YNLRP5359N
608,Baljiwan Talawr,1999-05-13,DCBSB3935N
609,Chaman Cehema,1978-03-14,CJXES6904M
610,Lpiika Venkataraman,1969-11-25,OHBNK3312I
611,Ferderick Verma,1984-07-20,TFDBS0443O
612,Avni Krisnha,1962-07-19,KLZJS6779S
613,Ishtia Vyas,1999-12-27,QHKWU3281V
614,Netar Dey,1967-04-29,JLBQG1431N
615,Nhiarika Koshy,1992-10-11,QBCAV9092H
616,Rev aShanker,1990-03-03,XBQOQ9800Q
617,Leena Sridahr,1952-05-20,XUTMP2558J
618,Ytaan Chana,1961-10-22,SEACF5745G
619,Amol Narasimhna,1939-01-26,WCGKZ4853K
620,Rehaan Borah,1999-04-06,BPMZL0820Y
621,Arjun Stety,1953-04-26,KEVJB5318S
622,Gauriak Lad,1941-03-16,RDBCE1046Z
623,aAyush Nath,1970-09-18,DHVUK0716U
624,Charles Sankarna,1937-10-29,WCJPX9456N
625,Anamiak Dash,1966-02-21,LMWEP8328V
626,BarkhaS idhu,1976-01-28,XZAFI4493D
627,Mahika Ahcarya,2004-07-09,LSCVM7168B
628,Imara nMurthy,1985-08-26,UFRWQ1343Y
629,Crhistopher Randhawa,2002-09-11,ZHYXQ7129R
630,Ekanitka Gara,1998-07-27,XDOLI5487Z
631,Bachittar Argawal,1947-12-17,NQFBT6125B
632,Yashvi Broa,1989-01-06,GFYKD6765W
633,Armita Gaba,2001-11-04,GEIUK8724V
634,NoahG rover,2004-12-05,DMRDT6525A
635,JonathanG opal,1998-02-11,XGFQF9101O
636,Bahnumati Parekh,1993-02-26,GNRRN3718M
637,Avni Mukehrjee,1938-02-04,FGYKR4239D
638,Etahn Tak,1944-11-06,VGKSF0760J
639,Uccahl Loyal,1957-02-18,ETPZJ6854Q
640,Chandani Rajgaopal,1950-01-02,WWQYZ4268Z
641,Simon hBalla,1972-06-13,FNLEC1975C
642,Zahsil Dua,1974-05-14,MZEHL3129L
643,Pranti Mani,1998-10-09,EWIUV2127B
644,Gavin Radhakrsihnan,1993-12-22,JKRWZ9449M
645,eHnry Baral,1994-05-04,UCQFA3459Q
646,Ethan aBwa,1935-11-01,JOFJG2118C
647,Aruniam Pal,1962-11-27,XOFGJ2009A
648,Xvaier Misra,2000-07-28,PCTMA3730E
649,Jaocb Patil,1965-03-13,TZDEP5727O
650,Hrashil Loke,1938-03-21,BMPQO4633W
651,Davdi Kala,1938-07-22,BLLOE3052R
652,dAvik Sathe,1953-02-13,HBZBO2575U
653,Ntiara Sarin,1983-03-13,MABUT8873N
654,Dayiat Bawa,1970-12-20,XFXKQ3378X
655,Ishanv iAcharya,1994-10-19,JRXSZ9342H
656,VrishtiN atarajan,1970-04-07,APIYQ4641V
657,Fnin Keer,1945-05-16,GFXZL3808G
658,Krihs Master,1979-11-25,ONGAN4431V
659,Jatin Varugehse,1961-07-25,GWONZ8679W
660,Udant Tiwrai,1936-04-28,UPWVK3793Q
661,Jonatahn Bal,1945-02-13,MNSEA5359Y
662,aDrsh Mistry,1977-12-17,TJGON1065N
663,hJalak Chhabra,1982-08-07,SOZTP1635X
664,Puhsti Konda,1978-07-30,GKUSN3223K
665,Deepa Belh,1990-07-07,BYUNP0225W
666,CalebS engupta,1936-11-28,HDHTY3596Z
667,Gnubir Atwal,1998-08-02,EIMTV1919L
668,Meear Balan,1995-03-31,VFQFI2373A
669,eHmani Dave,1962-04-06,CPAFE6631L
670,Gunbi rSoman,1969-07-13,QBUBB9105P
671,Rachiat Bandi,1962-03-29,SUPDU5683E
672,Unnati Prakahs,1956-02-16,NUWGQ6676H
673,Darsh Kirshnan,1961-05-19,BBKOM8770O
674,Yashasiv Kapadia,1949-12-13,KGWRG8203L
675,Ekantika oMre,1973-04-23,DQACS9508F
676,Siddharth Bians,1974-03-24,NYZNB2290G
677,Rusihl Dara,1970-02-11,FZBPS3643P
678,Tehodore Srivastava,1940-01-19,JSAPH7019A
679,Ekiya oSdhi,2003-02-16,MEUWT6382J
680,Chadnani Krishna,1948-07-31,OIMFB6458F
681,Upkaar Menno,1948-08-21,VSUSN5080Q
682,Advik Warriro,2006-11-21,CWAMG3069T
683,nAika Mall,1973-08-23,WBZZJ7891V
684,aWzir Choudhry,1997-02-14,JTBMK4147E
685,pUadhriti Mistry,2003-10-08,UQWEI2888L
686,Daksha Chuodhary,1998-02-03,ZTHPF3248S
687,Depea Loyal,1984-02-12,RFZGB0283M
688,Odika oKthari,1993-11-29,TALQN4896K
689,Udan tVarkey,1975-10-31,BKIJN7276N
690,kEta Bhatia,1935-10-12,BIVYB4847Z
691,Shravya Waila,1982-11-12,CFKUJ4858O
692,Sanaya Chauhdary,1983-06-22,TCPHS6988M
693,Reyansh Dutat,1979-05-14,PBYAO7154B
694,ZaidP andya,1999-03-22,UBEED6671Q
695,OjasK onda,1944-09-04,JOOQZ0750Q
696,Maanav Pignle,1978-04-10,PXLKS2938U
697,Wzair Dhillon,1940-09-11,PKTBH1518U
698,Samuel iDn,2000-10-19,PEOAE7042B
699,Mahik aBobal,1971-05-29,IRQIR4104X
700,Neah Kannan,1935-01-24,CQKUD0602J
701,Upkaar Radhakrsihnan,1975-10-22,YMBZZ0276F
702,Riay Chandran,1938-12-07,CZKTF4265J
703,Devanhs Singh,1982-05-23,EVCRV4305Q
704,Dipta aMne,2002-01-12,JLPSD4019E
705,Charan Balakrsihnan,1990-12-14,IEYMP8824F
706,Jeeivka Bahri,2003-03-18,SGQCW8028Q
707,Chandres hChand,1997-08-25,GKKAJ2880U
708,Imaran Gohsh,1954-11-02,GWWRF5260Y
709,SaanviS ant,1946-11-15,GNXXY4883P
710,FitanM anda,2006-01-26,QLDHR5891Y
711,Ekalinga Ghsoe,1995-07-20,PYJIS7904A
712,Bhavik aPai,1954-10-11,FTXQL4064F
713,Faqid Bhradwaj,1937-09-22,JSHJM6958I
714,Tripit Manne,1962-07-21,EAOHS5147Y
715,Luke Kulakrni,1947-04-12,IWNBT1701H
716,Kal aParmar,1965-12-04,CGEVU9894N
717,Taany Sahota,1973-03-07,ZSVUF3580Q
718,ChandaniK ala,1985-02-01,IJUWR2525U
719,aGutam Sen,1975-10-24,GJVWJ9571U
720,Krish Klaa,1941-04-13,CAJQE0520Z
721,Mehga Gopal,2006-03-14,WTFBY7893N
722,Sany aChaudhary,1970-01-09,OLQMO1689J
723,Mahik aSundaram,1980-01-21,YFUNF1777B
724,Onvee rDevi,1998-06-24,FMGXS3742P
725,Maanas Suri,1971-04-19,HVZQE6893T
726,Gauri Mnai,1934-10-01,PSFAZ2769W
727,Aashi oKrpal,1948-09-26,ZFLFF8643D
728,Gagan Sahcdeva,1951-05-04,TZVRG1447J
729,Neel Rtati,1955-03-11,KZIKT9058L
730,Fairq Morar,1942-08-08,XRLXG7299S
731,Gopal Menno,1954-03-09,WVUKS2204Y
732,Manan Subraamniam,2007-04-01,ROLNC3848S
733,Kritiak Sachar,1965-03-03,SQAPK5377X
734,Timothy hJaveri,1952-10-09,NWOPE1589K
735,Omya Randhaaw,1979-07-27,YORUM1274Q
736,Raghav aRjan,1980-08-17,GHAXW4816L
737,Geetika Bcuh,1944-02-15,RXWJL0493A
738,Oviay Dua,1982-03-08,SSCKW3172B
739,Ekansh Talwra,1953-05-15,QHBDL8010J
740,eNha Shenoy,1992-10-01,WVUFW5579G
741,kEta Jha,1976-10-25,URSTA5241W
742,Harita Rgee,1965-08-02,HXIVS9177C
743,Tmaanna Dugal,1951-04-16,FQGDN3229L
744,Zyaan Gera,1991-09-24,TCSXY9783O
745,Odiak Dayal,1967-09-30,UNFMK2625J
746,Vansha Setih,1976-05-15,ZXAVH6733U
747,Cahkradev Dar,1971-03-15,QXMLH7347T
748,MohiniB hatia,1961-02-03,UDLAP4853M
749,Rurda Naik,1945-06-09,KMDHJ7360V
750,Bachittra Deol,1995-04-11,YNIJO9071S
751,Tarak Narani,1998-10-09,XGHKJ2584D
752,Adya Patli,1991-09-24,THSRD9626X
753,Janya Balakrihsnan,1968-07-24,YJPAD2800O
754,Lila Badni,1943-11-30,PLWIT8929C
755,aSra Ray,1936-10-09,KQSSW2964Y
756,Reyans hDhingra,1995-09-16,OVSUM8033H
757,Tamann aMangat,1976-01-28,WPBPP3539R
758,aFris Rajan,1970-10-25,GAPSP2533N
759,Joshu aGuha,1984-03-21,NLOGK2820S
760,Vasrha Bakshi,1953-01-25,PFKGQ4218G
761,Mohini Plala,1985-03-01,OBQMF2783E
762,Saumya aPrsa,1960-01-29,DRSSD0421A
763,Aaursh Borah,1945-02-13,DIJOF8461Y
764,Isha Sachra,1942-04-29,FCWCO7136C
765,iRdhi Batra,1982-08-03,ZWXDZ2054J
766,NaveenI yengar,1948-10-10,MEDYF8871J
767,Diya Satn,1950-02-18,VGSUU5955D
768,QasimK hurana,2005-08-26,MWJZP0498F
769,Jagdish hSa,1950-03-17,XLEEQ8225A
770,Vidhi aSne,1999-04-01,ODEDU3210M
771,Lavany aSami,1956-12-04,ARRMB7277Z
772,Priya Paras,2002-10-12,UNOTC2668Z
773,Baljwian Kadakia,1995-04-07,SZTYB5364P
774,Tansih Wadhwa,2002-11-22,EOZUN7982G
775,Ved aKohli,1970-09-01,BOALB9676M
776,Fourm Vohra,1965-11-07,WKUFE0661O
777,Jeveika Jha,1943-08-28,GNQAM6675A
778,BhavnaL ad,1952-12-18,NBXZM2586X
779,Janain Gara,1982-04-28,ISUQA0553Q
780,Harin iAcharya,1964-02-16,KBOOO9958X
781,Wriddhihs Char,1944-07-31,TBXBD4233N
782,Praenel Sarkar,2005-02-24,ULWJO1152I
783,Tanmyai Kaul,1972-06-22,XKBBK5705G
784,Naksh uProhit,1992-01-20,VPDLP9515O
785,Nicholas Chadna,2001-08-20,LOOON6730D
786,iVctor Kumer,1936-06-09,HMPUQ7262I
787,Ganga Kahtri,2002-05-04,YTFMY9334R
788,Max Satn,1974-05-19,TUYQQ5438V
789,Yahcana Som,1975-01-27,EADDN5012U
790,Jyoti Cahd,1980-08-19,NRFYE9956W
791,nIdrajit Nagarajan,1981-10-22,JHRXW1277W
792,eGetika Wason,1995-10-25,KGJCU8532I
793,Ekiya Goad,1957-10-06,ZRGXO0541J
794,Yamiin Char,1978-01-12,HDDCU8933F
795,Harinkashi Viswanathan,1999-05-24,KYKJL7304E
796,Urmi Doctro,1999-07-20,HJNFZ8172C
797,Adai Uppal,1956-02-07,HGGJR2050C
798,ShivanshR aja,1978-11-27,XCSKW3538T
799,Ekraaj Sankaran,1983-08-30,OFZSA9563H
1000,Naksh Muni,1985-06-15,VLYHF4953X
1001,Xavier Nagi,1941-05-07,DDIWM0987T
1002,Arin Dutt,1949-07-07,SEWXP4229Z
1003,Lakshit Bakshi,1958-04-07,DXLMT1799P
1004,Qabil Vasa,1988-08-08,WOZOG7929Z
1005,Adya Yohannan,1983-02-07,IUTHA5558L
1006,Pallavi Rai,1972-09-25,TWPUT7136I
1007,Ubika Deshmukh,1965-05-27,WPBOG0305H
1008,Rachit Banerjee,1991-07-24,AVOIF3483O
1009,Vrishti Korpal,1945-10-27,TUTJK1226P
1010,Madhavi Pandit,1987-07-22,RXCHC5984Q
1011,Urvashi Murthy,2004-12-19,JRYYC3454U
1012,Bhavya Doctor,1985-09-15,JYEDR5855E
1013,Mekhala Natarajan,1980-02-01,WRYXK1410U
1014,Aayush Muni,1972-08-14,EWDRA4009U
1015,Gautami Dhar,1946-03-05,FBHGA4247O
1016,Bhavini Hans,2001-09-22,JATHA1028C
1017,Tanveer Lala,1956-12-28,SPIAP5900V
1018,Yahvi Yohannan,1949-10-27,ASCZL2751V
1019,Yochana Nazareth,1943-11-19,LIVGD1768Q
1020,Anmol Char,1946-10-07,NJGMR4490W
1021,Jagdish Tella,1979-12-13,QVEED5635Y
1022,Shivansh Jhaveri,1967-07-01,FUAMB0820E
1023,Rajeshri Kalla,1944-10-31,ANVZJ6061R
1024,Gaurika Gade,1972-03-09,MEPJR6917M
1025,Jagrati Wali,1945-12-20,ZCKOU5298F
1026,Ethan Goyal,1982-08-29,HHARH8349W
1027,Yochana Borah,1995-04-30,PWZDU0186G
1028,Bachittar Aggarwal,1999-06-15,RAEDX5306J
1029,Indira Deo,1998-12-08,BRYVY5560W
1030,Ekaraj Sule,1959-09-16,FMNJF0698V
1031,Jagat Dara,1966-09-17,URFSN0511H
1032,Lajita Malhotra,1937-04-18,KBWGN7147T
1033,Anjali Chada,1988-06-06,HCPYB3588B
1034,Ranbir Chauhan,1944-10-23,UANTZ5795Y
1035,Atharv Pradhan,1996-05-29,TYWLA6278W
1036,Charan Oommen,1967-12-16,SUHJH0626S
1037,Yashodhara Sami,1953-11-21,SMHAK8236X
1038,Lakshmi Gandhi,1996-07-24,IIPOX4149P
1039,Avi Natarajan,1959-07-15,LHJBR8710N
1040,Yash Varty,1936-01-07,NITDA5505P
1041,Jatin Master,1994-07-07,BTQHB2170R
1042,Irya Panchal,1973-04-16,PCYEV3462B
1043,Tamanna Om,1998-02-10,LWZGP9760Q
1044,Kiaan Parsa,1943-03-19,YJYYA6193O
1045,Logan Keer,1971-09-17,AQBID9646R
1046,Yoshita Sahni,1998-01-25,GRKPG2731S
1047,Tejas Sunder,1948-06-26,ETDQV0243P
1048,Ayush Balan,2006-03-15,WMHQR1626H
1049,Wazir Bora,2002-06-03,QEKSJ5717Y
1050,Jack Ahluwalia,1967-06-10,ZCRAH7519L
1051,Omaja Dugar,1983-10-25,SPBMY2739M
1052,Shaurya Arya,1986-11-08,KKTEC6950O
1053,Wakeeta Jaggi,1953-02-04,CDWBT2864I
1054,Yadavi Ghose,1975-02-27,KFAXE4084R
1055,Manan Oommen,1966-10-24,CXAZO1282U
1056,Ekaraj Baria,1990-02-19,SQBCW0786J
1057,Aahana Deo,1999-05-25,VHUIU8958X
1058,Orinder Pingle,1973-06-25,OKEVA5145Z
1059,Owen Dhar,1972-01-28,PVVKU4220T
1060,Ekbal Som,1971-06-05,SRTLG7253S
1061,Mohini Char,1954-07-03,ZYFJR8577S
1062,Rachana Hans,2007-03-10,FZLMO4359I
1063,Janani Raghavan,1936-10-02,CEVLB7797O
1064,Vamakshi Ganesh,1945-10-23,XMAEL4166C
1065,Leela Bhakta,1962-07-24,EJVHN1950U
1066,Nikita Singhal,1947-07-27,UXFLE1728J
1067,Amaira Thaker,1997-02-09,UOSPO1835O
1068,Maanas Khurana,1947-04-24,JCMGF3383J
1069,Chameli Subramanian,2000-10-17,EOLOI5356U
1070,Akshay Raj,2004-10-03,PYGEQ1829T
1071,Balendra Dhaliwal,1970-01-22,MWUPG4840Y
1072,Aarnav Boase,1962-03-19,AQSFR4200Z
1073,Udyati Guha,1979-11-14,LKFIG9874M
1074,Yashodhara Sarkar,1958-07-25,OXFDZ7444L
1075,Waida Mallick,1964-01-08,LQZGZ3846R
1076,Aarav Balakrishnan,2005-05-25,CBRFE8336O
1077,Mekhala Khare,1948-07-16,IYMBK1185F
1078,Shivani Bora,1955-10-07,QAJFL0387J
1079,Chasmum Khurana,1982-01-17,PFIVK2572S
1080,Anita Mani,1986-06-14,DJFUT7033X
1081,Upasna Prabhu,1978-02-17,UYVGY2779R
1082,Dhriti Pant,1989-02-14,RFNPZ0052K
1083,Yauvani Deep,2003-01-31,XIAOF5935C
1084,Barkha Ramakrishnan,1963-09-23,YLKRY9531V
1085,Gavin Kohli,1949-01-07,QECCI4824S
1086,Ati Ramesh,1974-08-29,FWKHA7308B
1087,Mason Malhotra,1954-04-21,CKEMY9847P
1088,Rachita Bhardwaj,1978-02-24,AJBUO4263Y
1089,Falak Shenoy,2003-02-08,OVGMT1947F
1090,Noah Varma,1960-12-31,GQNYU2470U
1091,Harsh Hora,1990-05-23,EBKHZ9786W
1092,Krisha Thakkar,1997-02-24,EVBOM2980N
1093,Reva Manne,1971-01-13,NWVBU3385L
1094,Robert Vohra,2004-12-07,IXJVY0500H
1095,Aradhana Dani,1990-04-19,VRFRS1989Z
1096,Bimala Kala,1965-01-11,GDWFH7219V
1097,Caleb Srivastava,1973-04-21,NPWVZ1472X
1098,Sarthak Bhalla,1958-04-25,XXEEX9426V
1099,Advik Shenoy,1935-08-04,GLUSH6871H
1100,Jyoti Korpal,1999-10-13,MZYDK2267V
1101,Chanakya Loyal,1967-09-13,GZNRY5420M
1102,Jairaj Sachdeva,1976-05-23,YZMYJ7690A
1103,Neelima Hegde,1981-11-06,NEITP4595I
1104,Amaira Kalita,1965-05-08,WCUKB3293F
1105,Siddharth Raju,1944-04-18,BPLKA2029F
1106,Balhaar Bhargava,1998-04-09,BTCJS4318Z
1107,Vyanjana Mittal,1945-10-27,DVVBV9144I
1108,Madhavi Buch,1970-04-10,LMHWU7964L
1109,Harinakshi Choudhary,1967-01-22,LFFMB1978T
1110,Suhani Sura,1951-07-10,NGCRB4258D
1111,Bahadurjit Narasimhan,1950-05-22,ONFCJ9601E
1112,Hritik Thaman,1943-09-11,SWYBL3560T
1113,Chandresh Balakrishnan,1965-05-13,FDFOD9426J
1114,Udyati Sidhu,2001-07-12,DRJTX7360Z
1115,Falguni Bakshi,1998-05-05,HEVFY6491G
1116,Ekapad Tata,2002-01-29,DZVRV9052B
1117,Watika Baria,1969-07-28,UMVLN6407V
1118,Kai Solanki,1957-01-06,UVWSC4124G
1119,Darpan Bir,1968-12-16,UKHVN5531Q
1120,Christopher Sule,2001-11-18,NMJSL0768W
1121,Amruta Kohli,1963-04-24,SEUDG7429V
1122,Rushil Mahal,1974-08-10,ETVSO1548I
1123,Oscar Agrawal,2000-03-24,IVHTS5887A
1124,Diya Raghavan,1993-10-05,RPJET5158Q
1125,Hemang Magar,1961-10-25,DNYBQ6094Z
1126,Anmol Hari,1951-07-23,SEAJF6609Q
1127,Peter Tailor,1964-11-05,TOJAN5952M
1128,Eesha De,2002-06-27,SLUOD4006D
1129,Ayushman Sharaf,1937-09-01,PDSXW5406X
1130,Ekapad Chopra,1966-02-21,EITOV5142B
1131,Aadhya Bhatt,1987-09-03,WOCXF9539O
1132,Chavvi Sabharwal,1946-02-10,ZQDRY1873Q
1133,Abhimanyu Parekh,1935-08-20,UIMUX9506X
1134,Tara Korpal,1984-03-13,RROUV6659Z
1135,Lucky Baral,1994-11-09,UXFHS1269D
1136,Bhavna Sodhi,1950-05-26,TRDUQ9372A
1137,Dev Narayanan,1995-12-06,EWHOW1172P
1138,Mohini Dalal,1980-12-07,DBSJP5147O
1139,Liam Nori,1989-08-31,XIKZI0169B
1140,Ojas Parsa,2002-08-21,STKBY6840N
1141,Shivansh Bobal,1974-11-17,PKHVP6458R
1142,Xiti Chhabra,1979-07-23,WEOKI9143Q
1143,Bina Subramaniam,1946-04-16,CQWDG7743Q
1144,Anya Bawa,1941-05-29,XCCGB5878X
1145,Ridhi Sundaram,1997-05-22,FOKSI0485X
1146,Yashoda Narayan,1966-11-06,HKEFF6468A
1147,Nidhi Iyengar,1955-05-15,DMUXR9109C
1148,Devansh Dash,1952-06-16,AHRRT3611Y
1149,Tanvi Merchant,2003-08-15,KMFMA5934R
1150,Pratyush Keer,1983-01-21,NUNUI4445O
1151,Lekha Vyas,1992-03-30,NQKVF9455G
1152,Girik Mittal,1979-08-10,NZCFY6556G
1153,Zilmil Chhabra,1979-06-30,JROQJ6153M
1154,Zinal Bala,1951-07-23,KTRWV8244N
1155,Ojas Butala,1946-11-03,LZSMI0149O
1156,Brijesh Divan,1967-11-21,SITJY4851F
1157,Rehaan Muni,1944-03-04,RGYRX2453C
1158,Forum Garde,1985-07-13,VRWDN0764Z
1159,Libni Palla,1956-05-22,MPEOG0998W
1160,Mahika Bakshi,1969-10-22,VRFCX2209J
1161,Sai Chawla,1959-01-11,ONKJN1289Q
1162,Girish Bansal,1962-06-25,BWPNL6713I
1163,Madhav Pau,1982-06-05,ASJZM7529N
1164,Ekani Bava,1973-12-09,YGBWC5348T
1165,Dakshesh Bhavsar,1992-07-31,GSSJJ8522O
1166,Nimrat Kade,1955-05-11,CVZWT1478W
1167,Anjali Mand,2001-02-02,PNWWB7348Z
1168,Victor Bains,1950-06-26,MWWAR2036O
1169,Owen Murty,2005-10-14,JJAWT8768X
1170,Oni Bains,1983-03-29,XHFWY3985Y
1171,Tara Ravel,1966-04-17,DCHOU5868T
1172,Indira Sharaf,1982-04-25,PAPSO6427D
1173,Nilima Solanki,1980-05-23,TURLK7408Y
1174,Jonathan Sandal,1975-04-25,EAEQE1690Q
1175,Urvashi Pandey,1956-01-31,SNNSA5829N
1176,Frado Bahl,2000-01-02,LJQIE8058E
1177,Dhruv Rau,1937-08-21,RQUVU3356T
1178,Triveni Sodhi,1969-05-02,KOZLJ4595J
1179,Reva Naik,1990-06-28,CQLOY6816A
1180,Siya Andra,1945-08-30,GDHAH2904K
1181,Nidhi Lad,1946-11-02,SYFBX7132P
1182,Yashvi Vohra,1937-02-26,QABRI3821G
1183,Dayita Ganesan,1948-06-25,SCOTG0204J
1184,Harrison More,1975-05-29,CRVJM4712Q
1185,Shivani Malhotra,1989-03-17,YZEFB0219F
1186,Bishakha Sura,1998-02-02,FBSGX4624H
1187,Sai Kata,1991-10-07,MEAQB2629O
1188,Lopa Goel,2006-06-04,JYWNH1251I
1189,Thomas Yadav,2005-07-24,OZJME9756I
1190,Isaac Vaidya,1939-06-26,YYSRT9435E
1191,Jacob Pant,2003-05-19,OIANM7898M
1192,Amruta Ratti,2003-07-24,TFPUE9348E
1193,Jhalak Grewal,1950-05-17,TBDLD8649A
1194,Samarth Dalal,1942-12-10,ZVSYB3996K
1195,Dayamai Rau,1955-04-07,YEAGA6235F
1196,Lohit Barad,2002-12-22,PWBLK0875T
1197,Advaith Dube,1985-09-25,CQBWF4971Z
1198,Vamakshi Raj,1981-02-26,HVHAD0842A
1199,Chavvi Karan,1997-11-15,WZVFM8691Z
